-- phpMyAdmin SQL Dump
-- version 4.8.3
-- https://www.phpmyadmin.net/
--
-- Host: 127.0.0.1
-- Generation Time: Mar 05, 2020 at 08:15 PM
-- Server version: 10.1.37-MariaDB
-- PHP Version: 7.1.24

SET SQL_MODE = "NO_AUTO_VALUE_ON_ZERO";
SET AUTOCOMMIT = 0;
START TRANSACTION;
SET time_zone = "+00:00";


/*!40101 SET @OLD_CHARACTER_SET_CLIENT=@@CHARACTER_SET_CLIENT */;
/*!40101 SET @OLD_CHARACTER_SET_RESULTS=@@CHARACTER_SET_RESULTS */;
/*!40101 SET @OLD_COLLATION_CONNECTION=@@COLLATION_CONNECTION */;
/*!40101 SET NAMES utf8mb4 */;

--
-- Database: `jj`
--

-- --------------------------------------------------------

--
-- Table structure for table `back_logs`
--

CREATE TABLE `back_logs` (
  `id` int(10) UNSIGNED NOT NULL,
  `user_id` int(11) DEFAULT NULL,
  `name` varchar(255) CHARACTER SET utf8mb4 COLLATE utf8mb4_unicode_ci DEFAULT NULL,
  `eventType` varchar(255) CHARACTER SET utf8mb4 COLLATE utf8mb4_unicode_ci DEFAULT NULL,
  `eventDetail` text CHARACTER SET utf8mb4 COLLATE utf8mb4_unicode_ci,
  `eventReason` text CHARACTER SET utf8mb4 COLLATE utf8mb4_unicode_ci,
  `status` tinyint(4) NOT NULL DEFAULT '1',
  `deleted` tinyint(4) NOT NULL DEFAULT '0',
  `created_at` timestamp NOT NULL DEFAULT CURRENT_TIMESTAMP,
  `updated_at` timestamp NOT NULL DEFAULT CURRENT_TIMESTAMP ON UPDATE CURRENT_TIMESTAMP
) ENGINE=InnoDB DEFAULT CHARSET=utf8 COLLATE=utf8_unicode_ci;

-- --------------------------------------------------------

--
-- Table structure for table `emails`
--

CREATE TABLE `emails` (
  `id` int(10) UNSIGNED NOT NULL,
  `email` varchar(191) COLLATE utf8mb4_unicode_ci DEFAULT NULL,
  `user_id` int(11) DEFAULT NULL,
  `status` tinyint(4) NOT NULL DEFAULT '1',
  `deleted` tinyint(4) NOT NULL DEFAULT '0',
  `created_at` timestamp NOT NULL DEFAULT CURRENT_TIMESTAMP,
  `updated_at` timestamp NOT NULL DEFAULT CURRENT_TIMESTAMP ON UPDATE CURRENT_TIMESTAMP
) ENGINE=InnoDB DEFAULT CHARSET=utf8mb4 COLLATE=utf8mb4_unicode_ci;

--
-- Dumping data for table `emails`
--

INSERT INTO `emails` (`id`, `email`, `user_id`, `status`, `deleted`, `created_at`, `updated_at`) VALUES
(1, 'employees.incubator@yopmail.com', 8, 1, 0, '2019-07-30 13:47:25', '2019-07-30 13:47:25'),
(2, 'admin.incubator@yopmail.com', 8, 1, 0, '2019-08-09 07:11:01', '2019-08-09 07:11:01'),
(3, 'anasadeel@yopmail.com', 8, 1, 0, '2019-09-05 08:12:19', '2019-09-05 08:12:19');

-- --------------------------------------------------------

--
-- Table structure for table `email_configurations`
--

CREATE TABLE `email_configurations` (
  `id` int(11) NOT NULL,
  `driver` varchar(50) NOT NULL DEFAULT 'smtp',
  `host` varchar(255) NOT NULL,
  `port` int(11) NOT NULL,
  `username` varchar(255) NOT NULL,
  `password` varchar(255) NOT NULL,
  `encryption` varchar(50) NOT NULL DEFAULT 'tls',
  `from_name` varchar(255) NOT NULL,
  `created_at` timestamp NOT NULL DEFAULT CURRENT_TIMESTAMP,
  `updated_at` timestamp NOT NULL DEFAULT CURRENT_TIMESTAMP ON UPDATE CURRENT_TIMESTAMP
) ENGINE=InnoDB DEFAULT CHARSET=latin1;

--
-- Dumping data for table `email_configurations`
--

INSERT INTO `email_configurations` (`id`, `driver`, `host`, `port`, `username`, `password`, `encryption`, `from_name`, `created_at`, `updated_at`) VALUES
(2, 'mailgun', 'smtp.mailgun.org', 587, 'javairia@sandbox815b347bf32349bda12116da21867c12.mailgun.org', '09777dfbeb01e6b54bdf7464345a8aa8-816b23ef-5e55d336', 'tls', 'Incubators Portal New', '2019-10-25 21:19:24', '2019-10-28 16:59:46');

-- --------------------------------------------------------

--
-- Table structure for table `email_templates`
--

CREATE TABLE `email_templates` (
  `id` int(10) UNSIGNED NOT NULL,
  `email_id` int(11) DEFAULT NULL,
  `template_id` int(11) DEFAULT NULL,
  `status` tinyint(4) NOT NULL DEFAULT '1',
  `deleted` tinyint(4) NOT NULL DEFAULT '0',
  `created_at` timestamp NOT NULL DEFAULT CURRENT_TIMESTAMP,
  `updated_at` timestamp NOT NULL DEFAULT CURRENT_TIMESTAMP ON UPDATE CURRENT_TIMESTAMP
) ENGINE=InnoDB DEFAULT CHARSET=utf8mb4 COLLATE=utf8mb4_unicode_ci;

--
-- Dumping data for table `email_templates`
--

INSERT INTO `email_templates` (`id`, `email_id`, `template_id`, `status`, `deleted`, `created_at`, `updated_at`) VALUES
(1, 1, 4, 1, 0, '2019-07-30 13:48:06', '2019-07-30 13:48:06');

-- --------------------------------------------------------

--
-- Table structure for table `migrations`
--

CREATE TABLE `migrations` (
  `id` int(10) UNSIGNED NOT NULL,
  `migration` varchar(255) COLLATE utf8_unicode_ci NOT NULL,
  `batch` int(11) NOT NULL
) ENGINE=InnoDB DEFAULT CHARSET=utf8 COLLATE=utf8_unicode_ci;

--
-- Dumping data for table `migrations`
--

INSERT INTO `migrations` (`id`, `migration`, `batch`) VALUES
(1, '2014_10_12_000000_create_users_table', 1),
(2, '2014_10_12_100000_create_password_resets_table', 1),
(3, '2017_12_12_074659_create_roles_table', 1),
(4, '2017_12_12_153654_create_address_table', 1),
(10, '2018_02_13_113601_create_urls_table', 2),
(19, '2018_12_07_065912_create_back_logs_table', 3),
(20, '2019_04_19_123545_alter_users_table_add_col_user_type', 3),
(21, '2019_04_19_124734_create_modules_table', 3),
(22, '2019_04_19_125306_create_user_modules_table', 3),
(23, '2019_07_01_185232_alter_users_table_add_designation_col', 4),
(28, '2019_07_04_204030_create_templates_table', 5),
(29, '2019_07_04_204503_create_templates_details_table', 5),
(30, '2019_07_07_204151_create_notifications_table', 6),
(31, '2019_07_07_204317_create_notification_details_table', 6),
(32, '2019_07_08_142936_alter_template_details_table_rename_image_col', 7),
(34, '2019_07_08_155710_create_user_templates_table', 8),
(35, '2019_07_28_214158_create_emails_table', 9),
(36, '2019_07_28_215131_create_email_templates_table', 9);

-- --------------------------------------------------------

--
-- Table structure for table `modules`
--

CREATE TABLE `modules` (
  `id` int(10) UNSIGNED NOT NULL,
  `parent_id` int(11) NOT NULL DEFAULT '0',
  `title` varchar(255) COLLATE utf8_unicode_ci NOT NULL,
  `path` text COLLATE utf8_unicode_ci,
  `icon` varchar(255) COLLATE utf8_unicode_ci DEFAULT NULL,
  `status` tinyint(4) NOT NULL DEFAULT '1',
  `deleted` tinyint(4) NOT NULL DEFAULT '0',
  `created_at` timestamp NOT NULL DEFAULT CURRENT_TIMESTAMP,
  `updated_at` timestamp NOT NULL DEFAULT CURRENT_TIMESTAMP ON UPDATE CURRENT_TIMESTAMP
) ENGINE=InnoDB DEFAULT CHARSET=utf8 COLLATE=utf8_unicode_ci;

-- --------------------------------------------------------

--
-- Table structure for table `notifications`
--

CREATE TABLE `notifications` (
  `id` int(10) UNSIGNED NOT NULL,
  `type` varchar(191) COLLATE utf8mb4_unicode_ci DEFAULT NULL,
  `type_id` int(11) DEFAULT NULL,
  `user_id` int(11) DEFAULT NULL,
  `description` text COLLATE utf8mb4_unicode_ci,
  `status` tinyint(4) NOT NULL DEFAULT '1',
  `deleted` tinyint(4) NOT NULL DEFAULT '0',
  `created_at` timestamp NOT NULL DEFAULT CURRENT_TIMESTAMP,
  `updated_at` timestamp NOT NULL DEFAULT CURRENT_TIMESTAMP ON UPDATE CURRENT_TIMESTAMP
) ENGINE=InnoDB DEFAULT CHARSET=utf8mb4 COLLATE=utf8mb4_unicode_ci;

--
-- Dumping data for table `notifications`
--

INSERT INTO `notifications` (`id`, `type`, `type_id`, `user_id`, `description`, `status`, `deleted`, `created_at`, `updated_at`) VALUES
(1, 'resignation', 2, 1, '<i class=\\\"fa fa-md fa-home\\\"></i>\r\n<span><strong>Resignation</strong></span>\r\nannouncement.', 1, 0, '2019-07-08 16:29:51', '2019-07-08 21:29:51'),
(2, 'departure', 3, 1, '<i class=\\\"fa fa-md fa-home\\\"></i>\r\n<span><strong>Departure</strong></span>\r\nannouncement.', 1, 0, '2019-07-08 17:05:43', '2019-07-08 22:05:43'),
(3, 'holiday', 4, 1, '<i class=\\\"fa fa-md fa-home\\\"></i>\r\n<span><strong>Holiday</strong></span>\r\nannouncement.', 1, 0, '2019-07-08 17:34:25', '2019-07-08 22:34:25'),
(4, 'security', 5, 1, '<i class=\\\"fa fa-md fa-home\\\"></i>\r\n<span><strong>Security</strong></span>\r\nannouncement.', 1, 0, '2019-07-09 17:07:45', '2019-07-09 22:07:45'),
(5, 'new_joiner', 6, 1, '<i class=\\\"fa fa-md fa-home\\\"></i>\r\n<span><strong>New Joiner</strong></span>\r\nannouncement.', 1, 0, '2019-07-11 04:50:07', '2019-07-11 09:50:07'),
(6, 'new_joiner', 7, 1, '<i class=\\\"fa fa-md fa-home\\\"></i>\r\n<span><strong>New Joiner</strong></span>\r\nannouncement.', 1, 0, '2019-07-11 06:40:08', '2019-07-11 11:40:08'),
(7, 'restructuring', 8, 5, '<i class=\\\"fa fa-md fa-home\\\"></i>\r\n<span><strong>Restructuring</strong></span>\r\nannouncement.', 1, 0, '2019-07-14 06:55:04', '2019-07-14 11:55:04'),
(19, 'new_joiner', 20, 10, '<i class=\\\"fa fa-md fa-home\\\"></i>\r\n<span><strong>New Joiner</strong></span>\r\nannouncement.', 1, 0, '2019-07-16 15:11:06', '2019-07-16 20:11:06');

-- --------------------------------------------------------

--
-- Table structure for table `notification_details`
--

CREATE TABLE `notification_details` (
  `id` int(10) UNSIGNED NOT NULL,
  `notification_id` int(11) DEFAULT NULL,
  `notify_to` int(11) DEFAULT NULL,
  `seen` tinyint(4) NOT NULL DEFAULT '0',
  `created_at` timestamp NOT NULL DEFAULT CURRENT_TIMESTAMP,
  `updated_at` timestamp NOT NULL DEFAULT CURRENT_TIMESTAMP ON UPDATE CURRENT_TIMESTAMP
) ENGINE=InnoDB DEFAULT CHARSET=utf8mb4 COLLATE=utf8mb4_unicode_ci;

--
-- Dumping data for table `notification_details`
--

INSERT INTO `notification_details` (`id`, `notification_id`, `notify_to`, `seen`, `created_at`, `updated_at`) VALUES
(1, 1, 5, 1, '2019-07-08 21:29:51', '2019-07-14 16:58:46'),
(2, 1, 6, 0, '2019-07-08 21:29:51', '2019-07-08 21:29:51'),
(3, 2, 5, 1, '2019-07-08 22:05:43', '2019-07-14 16:58:46'),
(4, 2, 6, 0, '2019-07-08 22:05:43', '2019-07-08 22:05:43'),
(5, 3, 5, 1, '2019-07-08 22:34:25', '2019-07-14 16:58:46'),
(6, 3, 6, 0, '2019-07-08 22:34:25', '2019-07-08 22:34:25'),
(7, 4, 5, 1, '2019-07-09 22:07:45', '2019-07-14 16:58:46'),
(8, 4, 6, 0, '2019-07-09 22:07:45', '2019-07-09 22:07:45'),
(9, 5, 5, 1, '2019-07-11 09:50:07', '2019-07-14 16:58:46'),
(10, 5, 6, 0, '2019-07-11 09:50:08', '2019-07-11 09:50:08'),
(11, 6, 5, 1, '2019-07-11 11:40:08', '2019-07-14 16:58:46'),
(12, 6, 6, 0, '2019-07-11 11:40:09', '2019-07-11 11:40:09'),
(13, 7, 1, 0, '2019-07-14 11:55:04', '2019-07-14 11:55:04'),
(14, 7, 6, 0, '2019-07-14 11:55:06', '2019-07-14 11:55:06'),
(15, 7, 7, 0, '2019-07-14 11:55:06', '2019-07-14 11:55:06'),
(96, 19, 1, 0, '2019-07-16 20:11:06', '2019-07-16 20:11:06'),
(97, 19, 5, 0, '2019-07-16 20:11:07', '2019-07-16 20:11:07'),
(98, 19, 6, 0, '2019-07-16 20:11:07', '2019-07-16 20:11:07'),
(99, 19, 7, 0, '2019-07-16 20:11:07', '2019-07-16 20:11:07'),
(100, 19, 8, 1, '2019-07-16 20:11:07', '2019-09-05 05:10:17'),
(101, 19, 9, 0, '2019-07-16 20:11:07', '2019-07-16 20:11:07'),
(102, 19, 11, 1, '2019-07-16 20:11:07', '2019-10-06 11:14:07'),
(103, 19, 12, 0, '2019-07-16 20:11:07', '2019-07-16 20:11:07');

-- --------------------------------------------------------

--
-- Table structure for table `password_resets`
--

CREATE TABLE `password_resets` (
  `email` varchar(255) COLLATE utf8_unicode_ci NOT NULL,
  `token` varchar(255) COLLATE utf8_unicode_ci NOT NULL,
  `created_at` timestamp NOT NULL DEFAULT CURRENT_TIMESTAMP
) ENGINE=InnoDB DEFAULT CHARSET=utf8 COLLATE=utf8_unicode_ci;

-- --------------------------------------------------------

--
-- Table structure for table `roles`
--

CREATE TABLE `roles` (
  `id` int(10) UNSIGNED NOT NULL,
  `role` varchar(255) COLLATE utf8_unicode_ci DEFAULT NULL,
  `code` varchar(255) COLLATE utf8_unicode_ci DEFAULT NULL
) ENGINE=InnoDB DEFAULT CHARSET=utf8 COLLATE=utf8_unicode_ci;

--
-- Dumping data for table `roles`
--

INSERT INTO `roles` (`id`, `role`, `code`) VALUES
(1, 'Admin', 'admin'),
(2, 'User', 'user'),
(3, 'HR', 'hr'),
(4, 'Marketing', 'marketing');

-- --------------------------------------------------------

--
-- Table structure for table `templates`
--

CREATE TABLE `templates` (
  `id` int(10) UNSIGNED NOT NULL,
  `title` varchar(191) COLLATE utf8mb4_unicode_ci DEFAULT NULL,
  `code` varchar(191) COLLATE utf8mb4_unicode_ci DEFAULT NULL,
  `key` varchar(191) COLLATE utf8mb4_unicode_ci DEFAULT NULL,
  `status` tinyint(4) NOT NULL DEFAULT '1',
  `deleted` tinyint(4) NOT NULL DEFAULT '0',
  `created_at` timestamp NOT NULL DEFAULT CURRENT_TIMESTAMP,
  `updated_at` timestamp NOT NULL DEFAULT CURRENT_TIMESTAMP ON UPDATE CURRENT_TIMESTAMP
) ENGINE=InnoDB DEFAULT CHARSET=utf8mb4 COLLATE=utf8mb4_unicode_ci;

--
-- Dumping data for table `templates`
--

INSERT INTO `templates` (`id`, `title`, `code`, `key`, `status`, `deleted`, `created_at`, `updated_at`) VALUES
(1, 'New Joiner', 'new_joiner', 'xunW06WWsE3CWQh', 1, 0, '2019-07-06 19:16:30', '2019-07-06 19:16:30'),
(2, 'Resignation', 'resignation', 'FSL0PrnYOalOT5v', 1, 0, '2019-07-08 19:29:38', '2019-07-08 21:01:15'),
(3, 'Demise', 'departure', 'WAzhlEZ1e5hBskK', 1, 0, '2019-07-08 20:58:17', '2019-07-18 16:06:41'),
(4, 'Holiday', 'holiday', 'EHP12Q5FADgovea', 1, 0, '2019-07-08 22:08:24', '2019-07-08 22:08:24'),
(5, 'Security', 'security', 'UlabHYDk8jTLfn9', 1, 0, '2019-07-09 22:06:09', '2019-07-09 22:06:09'),
(6, 'Product Launch', 'product_launch', 'bM9EnLB0WvmjEhQ', 1, 0, '2019-07-10 23:15:05', '2019-07-10 23:15:05'),
(7, 'Event Launch', 'event_launch', 'QZ55e4hvXEEmAw5', 1, 0, '2019-07-10 23:15:50', '2019-07-10 23:15:50'),
(8, 'Internal Job Posting', 'internal_job_posting', 'YWc4DCcsj5hrwHm', 1, 0, '2019-07-13 21:13:55', '2019-07-13 21:13:55'),
(9, 'Restructuring', 'restructuring', '51PymjEVEW1LNbG', 1, 0, '2019-07-13 21:14:28', '2019-07-13 21:14:28'),
(10, 'National / International Day', 'national_or_international_day', 'BJyrwPll7DFjIgD', 1, 0, '2019-07-20 21:21:44', '2019-07-20 21:21:44'),
(13, 'NewtemplateB', 'ntb', 'zj7cngMZaDLwmYf', 1, 0, '2019-08-08 04:48:02', '2019-08-08 04:48:02'),
(14, 'NewtemplateC', 'ntc', '6qpQDVkt8K6iBiH', 1, 0, '2019-08-08 05:14:10', '2019-08-08 05:14:10'),
(15, 'NewtemplateD', 'ntd', 'cbw4Y4ZMzVv4jIK', 1, 0, '2019-08-08 05:23:25', '2019-08-08 05:23:25'),
(16, 'NewtemplateE', 'nte', 'h62FFjtpm1hlKht', 1, 0, '2019-08-08 05:24:03', '2019-08-08 05:24:03'),
(17, 'NewtemplateF', 'ntf', 'lweFqhgogCAOU5O', 1, 0, '2019-08-08 05:24:17', '2019-08-08 05:24:17'),
(18, 'NewtemplateG', 'ntg', 'iT0uy5ltRqNfGtN', 1, 0, '2019-08-08 05:24:34', '2019-08-08 05:24:34'),
(19, 'NewtemplateH', 'nth', 'm1bxZWa25u7bauf', 1, 0, '2019-08-08 05:25:11', '2019-08-08 05:25:11');

-- --------------------------------------------------------

--
-- Table structure for table `templates_details`
--

CREATE TABLE `templates_details` (
  `id` int(10) UNSIGNED NOT NULL,
  `template_id` int(11) DEFAULT NULL,
  `file` varchar(191) COLLATE utf8mb4_unicode_ci DEFAULT NULL,
  `meta` text COLLATE utf8mb4_unicode_ci,
  `description` longtext COLLATE utf8mb4_unicode_ci,
  `status` tinyint(4) NOT NULL DEFAULT '1',
  `deleted` tinyint(4) NOT NULL DEFAULT '0',
  `created_at` timestamp NOT NULL DEFAULT CURRENT_TIMESTAMP,
  `updated_at` timestamp NOT NULL DEFAULT CURRENT_TIMESTAMP ON UPDATE CURRENT_TIMESTAMP
) ENGINE=InnoDB DEFAULT CHARSET=utf8mb4 COLLATE=utf8mb4_unicode_ci;

--
-- Dumping data for table `templates_details`
--

INSERT INTO `templates_details` (`id`, `template_id`, `file`, `meta`, `description`, `status`, `deleted`, `created_at`, `updated_at`) VALUES
(2, 2, NULL, '{\"name\":\"Muhammad Anas Adeel Khan\",\"resignationDay\":\"5 July 2019\",\"lastWorkingDay\":\"31 July 2019\",\"regards\":\"Hr Dept\"}', NULL, 1, 0, '2019-07-08 21:29:51', '2019-07-08 21:29:51'),
(3, 3, NULL, '{\"employeeDetails\":\"father of our colleague Mr. Umair Ali, Business Analytics Executive in the IT function.\",\"otherDetails\":\"today, October 17 after Isha prayers at 7.45 PM at Shamsi Masjid of Shamsi Society, Malir in Karachi\",\"contactDetails\":\"Mr. Umair Ali can be contacted at 0301-8293518.\",\"regards\":\"HR Department\"}', NULL, 1, 0, '2019-07-08 22:05:43', '2019-07-08 22:05:43'),
(4, 4, '8231562625265.jpg', '{\"location\":\"all IVC locations\",\"date\":\"14 August 2019\",\"day\":\"Independence Day\",\"regards\":\"HR Department\"}', NULL, 1, 0, '2019-07-08 22:34:25', '2019-07-08 22:34:25'),
(5, 5, NULL, '{\"regards\":\"HR Department\"}', '<div style=\"margin-left:28.7969px;\">\r\n<p><strong>Lorem Ipsum</strong>&nbsp;is simply dummy text of the printing and typesetting industry. Lorem Ipsum has been the industry&#39;s standard dummy text ever since the 1500s, when an unknown printer took a galley of type and scrambled it to make a type specimen book. It has survived not only five centuries, but also the leap into electronic typesetting, remaining essentially unchanged.</p>\r\n\r\n<p>It was popularised in the 1960s with the release of Letraset sheets containing Lorem Ipsum passages, and more recently with desktop publishing software like Aldus PageMaker including versions of Lorem Ipsum.</p>\r\n\r\n<div>&nbsp;</div>\r\n</div>\r\n\r\n<div style=\"margin-left:14.3906px;\">&nbsp;</div>', 1, 0, '2019-07-09 22:07:45', '2019-07-09 22:07:45'),
(6, 1, '8551562838607.png', '{\"name\":\"da\",\"designation\":\"gm\"}', '<p>What is Lorem Ipsum? Lorem Ipsum is simply dummy text of the printing and typesetting industry. Lorem Ipsum has been the industry&#39;s standard dummy text ever since the 1500s, when an unknown printer took a galley of type and scrambled it to make a type specimen book. It has survived not only five centuries, but also the leap into electronic typesetting, remaining essentially unchanged. It was popularised in the 1960s with the release of Letraset sheets containing Lorem Ipsum passages, and more recently with desktop publishing software like Aldus PageMaker including versions of Lorem Ipsum.&nbsp;</p>', 1, 0, '2019-07-11 09:50:07', '2019-07-11 09:50:07'),
(7, 1, '7651562845208.png', '{\"name\":\"mufu\",\"designation\":\"HR\"}', '<p>What is Lorem Ipsum? Lorem Ipsum is simply dummy text of the printing and typesetting industry. Lorem Ipsum has been the industry&#39;s standard dummy text ever since the 1500s, when an unknown printer took a galley of type and scrambled it to make a type specimen book. It has survived not only five centuries, but also the leap into electronic typesetting, remaining essentially unchanged. It was popularised in the 1960s with the release of Letraset sheets containing Lorem Ipsum passages, and more recently with desktop publishing software like Aldus PageMaker including versions of Lorem Ipsum.&nbsp;</p>', 1, 0, '2019-07-11 11:40:08', '2019-07-11 11:40:08'),
(8, 9, NULL, '{\"parent\":\"Malik (Manager)\",\"child1\":\"Syed\",\"child2\":\"Shakeel\",\"child3\":\"Toufiq\",\"child4\":null,\"regards\":\"Dept HR\"}', '<p>As shared in our earlier communications, the Sales Organization at incubator embared on a journey of significantly elevating its bar with the expectation of delivering top tier in-store execution, realigning its product portfolio as per market potential, optimizing our route to Market, maximizing our revenue management capabilities and most importantly building a high performance, KPI focused sales team.<br />\r\n<br />\r\nIn light of the same, weare pleased to announce that the revised Rural Development Structure now has a dedicated, cluster-based team for increased focus and sustainable competitive advantage. This structure will report into Rural Development Manager, Malik Ajmal Khan.<br />\r\n<br />\r\nThe following role changes have been put in place and will be effective from the 1st February 2019.<br />\r\n<br />\r\n-- Shakeel Maqsood&#39;s role has been enriched, enabling him to better utilize his competenc, skills and business acumen for decision making and greater results. With his vast experience of the territory, we are expecting his inclusion will drive tremendous value in our quest to win in Rural Development Business. He will now be re designated as Zonal Sales Manager - Rural Development North for the Rural Development Business in Gujranwala &amp; Rawalpindi Regions.<br />\r\n<br />\r\n-- The role of Syed Noshaad Ali, Zonal Sales Manager - Rural has been re-designated a Zonal Sales Manager ⁠&mdash; Rural Development Central for the Rural Development Business in Lahore &amp; Faislabad Regions. Over the course of time, Noshad has been a consistent high performer and acheived various milestones with his rich experience, knoowledge and skill sets.<br />\r\n<br />\r\nWe are confident that these organizational structure adjustments will fuel delivery of our sales objectives and will further strengthen our Rural Development Division, resulting in specific goals, objectives and a better framework for benchmarking in the insudtry.<br />\r\n<br />\r\nWe wish all of them the best of luck for setting in their new roles and hope that they will continue to out-perform themselves.&nbsp;</p>', 1, 0, '2019-07-14 11:55:04', '2019-07-14 11:55:04'),
(9, 3, NULL, '{\"employeeDetails\":\"father of John Doe.\",\"otherDetails\":\"today, at 7:00 p.m.\",\"contactDetails\":\"You can contact John Doe on 090078601\",\"regards\":\"HR Department\"}', NULL, 1, 0, '2019-07-14 22:06:36', '2019-07-14 22:06:36'),
(10, 1, '9911563142276.png', '{\"name\":\"jj\",\"designation\":\"HR\"}', '<p><br />\r\nDear All,<br />\r\n<br />\r\nPlease Join us in welcoming to IVS. Hammad has joined as Territory Sales Manager in the Sales Function and will be reporting into the Regional Key Account Manager South.<br />\r\n<br />\r\nHammad has over 6 months of Experience. He has worked as Business Developer at AT&amp;R Digital Marketing nd then held the position of TSM at our company on a cantract basis since the last 3 months as part of his last assignment.<br />\r\n<br />\r\nHammad holds a Bachelor of Science in Computer Science From Institute of Business Administration, Karachi.<br />\r\n<br />\r\nHe can be reached at email@example.com or at the the Karachi Region Office.<br />\r\n<br />\r\nWe wish him all the best for his role at our company.<br />\r\n<br />\r\nWelcome to the Incubator Family Hammad!</p>\r\n\r\n<p>&nbsp;</p>', 1, 0, '2019-07-14 22:11:16', '2019-07-14 22:11:16'),
(11, 1, '9191563143336.png', '{\"name\":\"kk\",\"designation\":\"jjj\"}', '<p><br />\r\nDear All,<br />\r\n<br />\r\nPlease Join us in welcoming to IVS. Hammad has joined as Territory Sales Manager in the Sales Function and will be reporting into the Regional Key Account Manager South.<br />\r\n<br />\r\nHammad has over 6 months of Experience. He has worked as Business Developer at AT&amp;R Digital Marketing nd then held the position of TSM at our company on a cantract basis since the last 3 months as part of his last assignment.<br />\r\n<br />\r\nHammad holds a Bachelor of Science in Computer Science From Institute of Business Administration, Karachi.<br />\r\n<br />\r\nHe can be reached at email@example.com or at the the Karachi Region Office.<br />\r\n<br />\r\nWe wish him all the best for his role at our company.</p>\r\n\r\n<p><br />\r\nWelcome to the Incubator Family Hammad!</p>', 1, 0, '2019-07-14 22:28:56', '2019-07-14 22:28:56'),
(12, 1, '1891563143743.png', '{\"name\":\"jjj\",\"designation\":\"hhhh\"}', '<p><br />\r\nDear All,<br />\r\n<br />\r\nPlease Join us in welcoming to IVS. Hammad has joined as Territory Sales Manager in the Sales Function and will be reporting into the Regional Key Account Manager South.<br />\r\n<br />\r\nHammad has over 6 months of Experience. He has worked as Business Developer at AT&amp;R Digital Marketing nd then held the position of TSM at our company on a cantract basis since the last 3 months as part of his last assignment.<br />\r\n<br />\r\nHammad holds a Bachelor of Science in Computer Science From Institute of Business Administration, Karachi.<br />\r\n<br />\r\nHe can be reached at email@example.com or at the the Karachi Region Office.<br />\r\n<br />\r\nWe wish him all the best for his role at our company.<br />\r\n<br />\r\nWelcome to the Incubator Family Hammad!</p>\r\n\r\n<p>&nbsp;</p>', 1, 0, '2019-07-14 22:35:43', '2019-07-14 22:35:43'),
(13, 9, NULL, '{\"parent\":\"a\",\"child1\":\"b\",\"child2\":\"b\",\"child3\":\"i\",\"child4\":\"b\",\"regards\":\"m\"}', '<p>As shared in our earlier communications, the Sales Organization at incubator embared on a journey of significantly elevating its bar with the expectation of delivering top tier in-store execution, realigning its product portfolio as per market potential, optimizing our route to Market, maximizing our revenue management capabilities and most importantly building a high performance, KPI focused sales team.<br />\r\n<br />\r\nIn light of the same, weare pleased to announce that the revised Rural Development Structure now has a dedicated, cluster-based team for increased focus and sustainable competitive advantage. This structure will report into Rural Development Manager, Malik Ajmal Khan.<br />\r\n<br />\r\nThe following role changes have been put in place and will be effective from the 1st February 2019.<br />\r\n<br />\r\n-- Shakeel Maqsood&#39;s role has been enriched, enabling him to better utilize his competenc, skills and business acumen for decision making and greater results. With his vast experience of the territory, we are expecting his inclusion will drive tremendous value in our quest to win in Rural Development Business. He will now be re designated as Zonal Sales Manager - Rural Development North for the Rural Development Business in Gujranwala &amp; Rawalpindi Regions.<br />\r\n<br />\r\n-- The role of Syed Noshaad Ali, Zonal Sales Manager - Rural has been re-designated a Zonal Sales Manager ⁠&mdash; Rural Development Central for the Rural Development Business in Lahore &amp; Faislabad Regions. Over the course of time, Noshad has been a consistent high performer and acheived various milestones with his rich experience, knoowledge and skill sets.<br />\r\n<br />\r\nWe are confident that these organizational structure adjustments will fuel delivery of our sales objectives and will further strengthen our Rural Development Division, resulting in specific goals, objectives and a better framework for benchmarking in the insudtry.<br />\r\n<br />\r\nWe wish all of them the best of luck for setting in their new roles and hope that they will continue to out-perform themselves.&nbsp;</p>', 1, 0, '2019-07-15 06:36:03', '2019-07-15 06:36:03'),
(14, 9, NULL, '{\"parent\":\"Fatima\",\"child1\":\"Javaria\",\"child2\":\"Muffu\",\"child3\":\"Raza\",\"child4\":\"Sam\",\"regards\":\"HR Department\"}', '<p>As ohshared in our earlier communications, the Sales Organization at incubator embared on a journey of significantly elevating its bar with the expectation of delivering top tier in-store execution, realigning its product portfolio as per market potential, optimizing our route to Market, maximizing our revenue management capabilities and most importantly building a high performance, KPI focused sales team.<br />\r\n<br />\r\nIn light of the same, weare pleased to announce that the revised Rural Development Structure now has a dedicated, cluster-based team for increased focus and sustainable competitive advantage. This structure will report into Rural Development Manager, Malik Ajmal Khan.<br />\r\n<br />\r\n<strong>The following role changes have been put in place and will be effective from the 1st February 2019.</strong><br />\r\n<br />\r\n-- Shakeel Maqsood&#39;s role has been enriched, enabling him to better utilize his competenc, skills and business acumen for decision making and greater results. With his vast experience of the territory, we are expecting his inclusion will drive tremendous value in our quest to win in Rural Development Business. He will now be re designated as Zonal Sales Manager - Rural Development North for the Rural Development Business in Gujranwala &amp; Rawalpindi Regions.<br />\r\n<br />\r\n-- The role of Syed Noshaad Ali, Zonal Sales Manager - Rural has been re-designated a Zonal Sales Manager ⁠&mdash; Rural Development Central for the Rural Development Business in Lahore &amp; Faislabad Regions. Over the course of time, Noshad has been a consistent high performer and acheived various milestones with his rich experience, knoowledge and skill sets.<br />\r\n<br />\r\nWe are confident that these organizational structure adjustments will fuel delivery of our sales objectives and will further strengthen our Rural Development Division, resulting in specific goals, objectives and a better framework for benchmarking in the insudtry.<br />\r\n<br />\r\nWe wish all of them the best of luck for setting in their new roles and hope that they will continue to out-perform themselves.</p>', 1, 0, '2019-07-15 06:44:35', '2019-07-15 06:44:35'),
(15, 9, NULL, '{\"parent\":\"Fatima\",\"child1\":\"Javaria\",\"child2\":\"Muffu\",\"child3\":\"Raza\",\"child4\":\"Sam\",\"regards\":\"HR Department\"}', '<p>As shared in our earlier communications, the Sales Organization at incubator embared on a journey of significantly elevating its bar with the expectation of delivering top tier in-store execution, realigning<em><strong> its product portfolio </strong></em>as per market potential, optimizing our route to Market, maximizing our revenue management capabilities and most importantly building a high performance, KPI focused sales team.guuyg<br />\r\n<br />\r\nIn light of the same, weare pleased to announce that the revised Rural Development Structure now has a dedicated, cluster-based team for increased focus and sustainable competitive advantage. This structure will report into Rural Development Manager, Malik Ajmal Khan.<br />\r\n<br />\r\nThe following role changes have been put in place and will be effective from the 1st February 2019.<br />\r\n<br />\r\n-- Shakeel Maqsood&#39;s role has been enriched, enabling him to better utilize his competenc, skills and business acumen for decision making and greater results. With his vast experience of the territory, we are expecting his inclusion will drive tremendous value in our quest to win in Rural Development Business. He will now be re designated as Zonal Sales Manager - Rural Development North for the Rural Development Business in Gujranwala &amp; Rawalpindi Regions.<br />\r\n<br />\r\n-- The role of Syed Noshaad Ali, Zonal Sales Manager - Rural has been re-designated a Zonal Sales Manager ⁠&mdash; Rural Development Central for the Rural Development Business in Lahore &amp; Faislabad Regions. Over the course of time, Noshad has been a consistent high performer and acheived various milestones with his rich experience, knoowledge and skill sets.<br />\r\n<br />\r\nWe are confident that these organizational structure adjustments will fuel delivery of our sales objectives and will further strengthen our Rural Development Division, resulting in specific goals, objectives and a better framework for benchmarking in the insudtry.<br />\r\n<br />\r\nWe wish all of them the best of luck for setting in their new roles and hope that they will continue to out-perform themselves.</p>', 1, 0, '2019-07-15 06:50:46', '2019-07-15 06:50:46'),
(16, 1, '4861563173990.png', '{\"name\":\"mufu\",\"designation\":\"GM\"}', '<p><br />\r\nDear All,<br />\r\n<br />\r\nPlease Join us&nbsp; in welcoming to IVS. Hammad has joined as Territory Sales Manager in the Sales Function and will be reporting into the Regional Key Account Manager South.<br />\r\n<br />\r\nHammad has over 6 months of Experience. He has worked as Business Developer at AT&amp;R Digital Marketing nd then held the position of TSM at our company on a cantract basis since the last 3 months as part of his last assignment.<br />\r\n<br />\r\nHammad holds a Bachelor of Science in Computer Science From Institute of Business Administration, Karachi.<br />\r\n<br />\r\nHe can be reached at email@example.com or at the the Karachi Region Office.<br />\r\n<br />\r\nWe wish him all the best for his role at our company.<br />\r\n<br />\r\nWelcome to the Incubator Family Hammad!</p>', 1, 0, '2019-07-15 06:59:50', '2019-07-15 06:59:50'),
(17, 3, NULL, '{\"employeeDetails\":\"father of John Doe.\",\"otherDetails\":\"aaaaa\",\"contactDetails\":\"You can contact John Doe on 090078601\",\"regards\":\"HR Department\"}', NULL, 1, 0, '2019-07-15 07:12:09', '2019-07-15 07:12:09'),
(18, 2, NULL, '{\"name\":\"q\",\"resignationDay\":\"4 July 2019\",\"lastWorkingDay\":\"31 July 2019\",\"regards\":\"HR Department\"}', NULL, 1, 0, '2019-07-15 07:13:04', '2019-07-15 07:13:04'),
(19, 1, '8511563307424.png', '{\"name\":\"da\",\"designation\":\"HR\"}', '<p><br />\r\nDear All,<br />\r\n<br />\r\nPlease Join us in welcoming to IVS. Hammad has joined as Territory Sales Manager in the Sales Function and will be reporting into the Regional Key Account Manager South.<br />\r\n<br />\r\nHammad has over 6 months of Experience. He has worked as Business Developer at AT&amp;R Digital Marketing nd then held the position of TSM at our company on a cantract basis since the last 3 months as part of his last assignment.<br />\r\n<br />\r\nHammad holds a Bachelor of Science in Computer Science From Institute of Business Administration, Karachi.<br />\r\n<br />\r\nHe can be reached at email@example.com or at the the Karachi Region Office.<br />\r\n<br />\r\nWe wish him all the best for his role at our company.<br />\r\n<br />\r\nWelcome to the Incubator Family Hammad!</p>\r\n\r\n<p>&nbsp;</p>', 1, 0, '2019-07-16 20:03:44', '2019-07-16 20:03:44'),
(20, 1, '6151563307866.png', '{\"name\":\"mufu\",\"designation\":\"HR\"}', '<p><br />\r\nDear All,<br />\r\n<br />\r\nPlease Join us in welcoming to IVS. Hammad has joined as Territory Sales Manager in the Sales Function and will be reportin</p>\r\n\r\n<p>g into the Regional Key Account Manage</p>\r\n\r\n<p>r South.<br />\r\n<br />\r\nHammad has over 6 months of Experience. He has worked as Business Developer at AT&amp;R Digital Marketing nd then held the position of TSM at our company on a cantract basis since the last 3 months as part of his last assignment.<br />\r\n<br />\r\nHammad holds a Bachelor of Science in Computer Science From Institute of Business Administration, Karachi.<br />\r\n<br />\r\nHe can be reached at email@example.com or at the the Karachi Region Office.<br />\r\n<br />\r\nWe wish him all the best for his role at our company.<br />\r\n<br />\r\nWelcome to the Incubator Family Hammad!</p>', 1, 0, '2019-07-16 20:11:06', '2019-07-16 20:11:06'),
(21, 1, '2271563315179.png', '{\"name\":\"jj\",\"designation\":\"HR\"}', '<p><br />\r\nDear All,<br />\r\n<br />\r\nPlease Join us in welco ming to IVS. Hammad has joined as Territory Sales Manager in the Sales Function and will be reporting into the Regional Key Account Manager South.<br />\r\n<br />\r\nHammad has over 6 months of Experience. He has worked as Business Developer at AT&amp;R Digital Marketing nd then held the position of TSM at our company on a cantract basis since the last 3 months as part of his last assignment.<br />\r\n<br />\r\nHammad holds a Bachelor of Science in Computer Science From Institute of Business Administration, Karachi.<br />\r\n<br />\r\nHe can be reached at email@example.com or at the the Karachi Region Office.<br />\r\n<br />\r\nWe wish him all the best for his role at our company.<br />\r\n<br />\r\nWelcome to the Incubator Family Hammad!</p>', 1, 0, '2019-07-16 22:12:59', '2019-07-16 22:12:59'),
(22, 1, '5541563315628.png', '{\"name\":\"mufu\",\"designation\":\"HR\"}', '<p><br />\r\nDear All,<br />\r\n&nbsp;<br />\r\nPlease Join us in welcoming to IVS. Hammad has joined as Territory Sales Manager in the Sales Function and will be reporting into the Regional Key Account Manager South.<br />\r\n<br />\r\nHammad has over 6 months of Experience. He has worked as Business Developer at AT&amp;R Digital Marketing nd then held the position of TSM at our company on a cantract basis since the last 3 months as part of his last assignment.<br />\r\n<br />\r\nHammad holds a Bachelor of Science in Computer Science From Institute of Business Administration, Karachi.<br />\r\n<br />\r\nHe can be reached at email@example.com or at the the Karachi Region Office.<br />\r\n<br />\r\nWe wish him all the best for his role at our company.<br />\r\n<br />\r\nWelcome to the Incubator Family Hammad!</p>', 1, 0, '2019-07-16 22:20:28', '2019-07-16 22:20:28'),
(23, 8, '9121563377243.docx', '{\"jobPost\":\"HRBP\",\"area\":\"HR\",\"regards\":\"HR Department\"}', '<p>.</p>', 1, 0, '2019-07-17 15:27:23', '2019-07-17 15:27:23'),
(24, 5, NULL, '{\"regards\":\"Dept HR\"}', '<p>,</p>', 1, 0, '2019-07-17 15:28:30', '2019-07-17 15:28:30'),
(25, 2, NULL, '{\"name\":\"mufu\",\"resignationDay\":\"4 July 2019\",\"lastWorkingDay\":\"31 July 2019\",\"regards\":\"HR Department\"}', NULL, 1, 0, '2019-07-17 15:30:13', '2019-07-17 15:30:13'),
(26, 9, NULL, '{\"parent\":\"Fatima\",\"child1\":\"Javaria\",\"child2\":\"Muffu\",\"child3\":\"Raza\",\"child4\":\"Sam\",\"regards\":\"HR Department\"}', '<p>As shared in our earlier communications, the Sales Organization at incubator embared on a journey of significantly elevating its bar with the expectation of delivering top tier in-store execution, realigning its product portfolio as per market potential, optimizing our route to Market, maximizing our revenue management capabilities and most importantly building a high performance, KPI focused sales team.<br />\r\n&nbsp;<br />\r\nIn light of the same, weare pleased to announce that the revised Rural Development Structure now has a dedicated, cluster-based team for increased focus and sustainable competitive advantage. This structure will report into Rural Development Manager, Malik Ajmal Khan.<br />\r\n<br />\r\nThe following role changes have been put in place and will be effective from the 1st February 2019.<br />\r\n<br />\r\n-- Shakeel Maqsood&#39;s role has been enriched, enabling him to better utilize his competenc, skills and business acumen for decision making and greater results. With his vast experience of the territory, we are expecting his inclusion will drive tremendous value in our quest to win in Rural Development Business. He will now be re designated as Zonal Sales Manager - Rural Development North for the Rural Development Business in Gujranwala &amp; Rawalpindi Regions.<br />\r\n<br />\r\n-- The role of Syed Noshaad Ali, Zonal Sales Manager - Rural has been re-designated a Zonal Sales Manager ⁠&mdash; Rural Development Central for the Rural Development Business in Lahore &amp; Faislabad Regions. Over the course of time, Noshad has been a consistent high performer and acheived various milestones with his rich experience, knoowledge and skill sets.<br />\r\n<br />\r\nWe are confident that these organizational structure adjustments will fuel delivery of our sales objectives and will further strengthen our Rural Development Division, resulting in specific goals, objectives and a better framework for benchmarking in the insudtry.<br />\r\n<br />\r\nWe wish all of them the best of luck for setting in their new roles and hope that they will continue to out-perform themselves.</p>', 1, 0, '2019-07-17 15:32:28', '2019-07-17 15:32:28'),
(27, 2, NULL, '{\"name\":\"mufu\",\"resignationDay\":\"4 July 2019\",\"lastWorkingDay\":\"31 July 2019\",\"regards\":\"Dept HR\"}', NULL, 1, 0, '2019-07-18 13:03:11', '2019-07-18 13:03:11'),
(28, 2, NULL, '{\"name\":\"da\",\"resignationDay\":\"4 July 2019\",\"lastWorkingDay\":\"31 July 2019\",\"regards\":\"HR Department\"}', NULL, 1, 0, '2019-07-18 13:06:05', '2019-07-18 13:06:05'),
(29, 2, NULL, '{\"name\":\"mufu\",\"resignationDay\":\"4 July 2019\",\"lastWorkingDay\":\"31 July 2019\",\"regards\":\"Dept HR\"}', NULL, 1, 0, '2019-07-18 15:11:33', '2019-07-18 15:11:33'),
(30, 2, NULL, '{\"name\":\"mufu\",\"resignationDay\":\"4 July 2019\",\"lastWorkingDay\":\"31 July 2019\",\"regards\":\"HR Department\"}', NULL, 1, 0, '2019-07-18 15:12:34', '2019-07-18 15:12:34'),
(31, 1, '6441563467557.png', '{\"name\":\"mufu\",\"designation\":\"HR\"}', '<p>Dear All,<br />\r\n&nbsp;<br />\r\nPlease Join us in welcoming to IVS. Hammad has joined as Territory Sales Manager in the Sales Function and will be reporting into the Regional Key Account Manager South.<br />\r\n<br />\r\nHammad has over 6 months of Experience. He has worked as Business Developer at AT&amp;R Digital Marketing nd then held the position of TSM at our company on a cantract basis since the last 3 months as part of his last assignment.<br />\r\n<br />\r\nHammad holds a Bachelor of Science in Computer Science From Institute of Business Administration, Karachi.<br />\r\n<br />\r\nHe can be reached at email@example.com or at the the Karachi Region Office.<br />\r\n<br />\r\nWe wish him all the best for his role at our company.<br />\r\n<br />\r\nWelcome to the Incubator Family Hammad!</p>', 1, 0, '2019-07-18 16:32:37', '2019-07-18 16:32:37'),
(32, 1, '1861563469224.png', '{\"name\":\"mufu\",\"designation\":\"hr-id\"}', '<p>Dear All,</p>\r\n\r\n<p><br />\r\nPlease Join us in welcoming to IVS. Hammad has joined as Territory Sales Manager in the Sales Function and will be reporting into the Regional Key Account Manager South.<br />\r\n<br />\r\nHammad has over 6 months of Experience. He has worked as Business Developer at AT&amp;R Digital Marketing nd then held the position of TSM at our company on a cantract basis since the last 3 months as part of his last assignment.<br />\r\n<br />\r\nHammad holds a Bachelor of Science in Computer Science From Institute of Business Administration, Karachi.<br />\r\n<br />\r\nHe can be reached at email@example.com or at the the Karachi Region Office.<br />\r\n<br />\r\nWe wish him all the best for his role at our company.<br />\r\n<br />\r\nWelcome to the Incubator Family Hammad!</p>', 1, 0, '2019-07-18 17:00:24', '2019-07-18 17:00:24'),
(33, 10, '3211563657796.jpg', '{\"regards\":\"<p>HR Department,<\\/p>\\r\\n\\r\\n<p>090078601<\\/p>\"}', '<p><strong>Lorem Ipsum</strong> is simply dummy text of the printing and typesetting industry. Lorem Ipsum has been the industry&#39;s standard dummy text ever since the 1500s, when an unknown printer took a galley of type and scrambled it to make a type specimen book. It has survived not only five centuries, but also the leap into electronic typesetting, remaining essentially unchanged. It was popularised in the 1960s with the release of Letraset sheets containing Lorem Ipsum passages, and more recently with desktop publishing software like Aldus PageMaker including versions of Lorem Ipsum.</p>', 1, 0, '2019-07-20 21:23:16', '2019-07-20 21:23:16'),
(34, 3, NULL, '{\"employeeDetails\":\"father of John Doe.\",\"otherDetails\":\"today, at 7:00 p.m.\",\"contactDetails\":\"You can contact John Doe on 090078601\",\"regards\":\"<p><strong>HR Department,<\\/strong><\\/p>\\r\\n\\r\\n<p><strong>090078601<\\/strong><\\/p>\"}', NULL, 1, 0, '2019-07-20 21:39:23', '2019-07-20 21:39:23'),
(35, 7, NULL, '{\"regards\":\"<div><strong>Event Management Team,<\\/strong><\\/div>\\r\\n\\r\\n<div><strong>090078601<\\/strong><\\/div>\"}', '<p><br />\r\nIVS believes in community development. The company has always stood at par with the society , adding value to it. In the past till this day we have actively taken part in various community building activities; from empowering women to adopting school, giving females quality education to providing nutrition through meals.<br />\r\n-- Shakeel Maqsood&#39;s role has been enriched, enabling him to better utilize his competenc, skills and business acumen for decision making and greater results. With his vast experience of the territory, we are expecting his inclusion will drive tremendous value in our quest to win in Rural Development Business. He will now be re designated as Zonal Sales Manager - Rural Development North for the Rural Development Business in Gujranwala &amp; Rawalpindi Regions.<br />\r\n<br />\r\n-- The role of Syed Noshaad Ali, Zonal Sales Manager - Rural has been re-designated a Zonal Sales Manager ⁠&mdash; Rural Development Central for the Rural Development Business in Lahore &amp; Faislabad Regions. Over the course of time, Noshad has been a consistent high performer and acheived various milestones with his rich experience, knoowledge and skill sets.<br />\r\n<br />\r\nWe are confident that these organizational structure adjustments will fuel delivery of our sales objectives and will further strengthen our Rural Development Division, resulting in specific goals, objectives and a better framework for benchmarking in the insudtry.<br />\r\n<br />\r\nWe wish all of them the best of luck for setting in their new roles and hope that they will continue to out-perform themselves.</p>', 1, 0, '2019-07-20 22:02:11', '2019-07-20 22:02:11'),
(36, 7, '2551563660227.jpg', '{\"regards\":\"<p><strong>Event Mangement Board,<\\/strong><\\/p>\\r\\n\\r\\n<p><strong>090078601,<\\/strong><\\/p>\\r\\n\\r\\n<p><strong>Thanks<\\/strong><\\/p>\"}', '<p><br />\r\nIVS believes in community development. The company has always stood at par with the society , adding value to it. In the past till this day we have actively taken part in various community building activities; from empowering women to adopting school, giving females quality education to providing nutrition through meals.<br />\r\n-- Shakeel Maqsood&#39;s role has been enriched, enabling him to better utilize his competenc, skills and business acumen for decision making and greater results. With his vast experience of the territory, we are expecting his inclusion will drive tremendous value in our quest to win in Rural Development Business. He will now be re designated as Zonal Sales Manager - Rural Development North for the Rural Development Business in Gujranwala &amp; Rawalpindi Regions.<br />\r\n<br />\r\n-- The role of Syed Noshaad Ali, Zonal Sales Manager - Rural has been re-designated a Zonal Sales Manager ⁠&mdash; Rural Development Central for the Rural Development Business in Lahore &amp; Faislabad Regions. Over the course of time, Noshad has been a consistent high performer and acheived various milestones with his rich experience, knoowledge and skill sets.<br />\r\n<br />\r\nWe are confident that these organizational structure adjustments will fuel delivery of our sales objectives and will further strengthen our Rural Development Division, resulting in specific goals, objectives and a better framework for benchmarking in the insudtry.<br />\r\n<br />\r\nWe wish all of them the best of luck for setting in their new roles and hope that they will continue to out-perform themselves.</p>', 1, 0, '2019-07-20 22:03:47', '2019-07-20 22:03:47'),
(37, 4, '4251563660506.jpg', '{\"location\":\"all IVC location\",\"date\":\"14 August 2019\",\"day\":\"Independence Day\",\"regards\":\"<p><strong>HR Department,<\\/strong><\\/p>\\r\\n\\r\\n<p><strong>Thanks<\\/strong><\\/p>\"}', NULL, 1, 0, '2019-07-20 22:08:26', '2019-07-20 22:08:26'),
(38, 8, '4101563660861.pdf', '{\"image\":\"6781563660861.jpg\",\"jobPost\":\"HRBP\",\"area\":\"HR\",\"regards\":\"<p><strong>Recruitment Team,<\\/strong><\\/p>\\r\\n\\r\\n<p><strong>Thnaks<\\/strong><\\/p>\"}', '<p>Lorem Ipsum is simply dummy text of the printing and typesetting industry. Lorem Ipsum has been the industry&#39;s standard dummy text ever since the 1500s, when an unknown printer took a galley of type and scrambled it to make a type specimen book. It has survived not only five centuries, but also the leap into electronic typesetting, remaining essentially unchanged. It was popularised in the 1960s with the release of Letraset sheets containing Lorem Ipsum passages, and more recently with desktop publishing software like Aldus PageMaker including versions of Lorem Ipsum.</p>', 1, 0, '2019-07-20 22:14:21', '2019-07-20 22:14:21'),
(39, 1, '4341563661326.png', '{\"name\":\"da\",\"designation\":\"hr-id\"}', '<p>Dear All,<br />\r\n&nbsp;<br />\r\nPlease Join us in welcoming to IVS. Hammad has joined as Territory Sales Manager in the Sales Function and will be reporting into the Regional Key Account Manager South.<br />\r\n<br />\r\nHammad has over 6 months of Experience. He has worked as Business Developer at AT&amp;R Digital Marketing nd then held the position of TSM at our company on a cantract basis since the last 3 months as part of his last assignment.<br />\r\n<br />\r\nHammad holds a Bachelor of Science in Computer Science From Institute of Business Administration, Karachi.<br />\r\n<br />\r\nHe can be reached at email@example.com or at the the Karachi Region Office.<br />\r\n<br />\r\nWe wish him all the best for his role at our company.<br />\r\n<br />\r\nWelcome to the Incubator Family Hammad!</p>', 1, 0, '2019-07-20 22:22:06', '2019-07-20 22:22:06'),
(40, 1, '4951563661673.png', '{\"name\":\"mufu\",\"designation\":\"HR\",\"regards\":\"<p>abc&nbsp;<\\/p>\\r\\n\\r\\n<p>ghggshs<\\/p>\"}', '<p>Dear All,<br />\r\n&nbsp;<br />\r\nPlease Join us in welcoming to IVS. Hammad has joined as Territory Sales Manager in the Sales Function and will be reporting into the Regional Key Account Manager South.<br />\r\n<br />\r\nHammad has over 6 months of Experience. He has worked as Business Developer at AT&amp;R Digital Marketing nd then held the position of TSM at our company on a cantract basis since the last 3 months as part of his last assignment.<br />\r\n<br />\r\nHammad holds a Bachelor of Science in Computer Science From Institute of Business Administration, Karachi.<br />\r\n<br />\r\nHe can be reached at email@example.com or at the the Karachi Region Office.<br />\r\n<br />\r\nWe wish him all the best for his role at our company.<br />\r\n<br />\r\nWelcome to the Incubator Family Hammad!</p>', 1, 0, '2019-07-20 22:27:53', '2019-07-20 22:27:53'),
(47, 6, '9871563663107.jpg', '{\"productName\":\"jjjjj\",\"date\":\"10 July 2019\",\"regards\":\"<p>ssadsadsaasdas<\\/p>\\r\\n\\r\\n<p>qwe<\\/p>\"}', NULL, 1, 0, '2019-07-20 22:51:47', '2019-07-20 22:51:47'),
(48, 6, '3151563663387.jpg', '{\"productName\":\"VIM\",\"date\":\"10 July 2019\",\"regards\":\"<p>ewqeqewqewq<\\/p>\"}', NULL, 1, 0, '2019-07-20 22:56:27', '2019-07-20 22:56:27'),
(49, 6, '9301563663503.jpg', '{\"productName\":\"hahahah\",\"date\":\"31 July 2019\",\"regards\":\"<p>wqewqqewewqewqew<\\/p>\"}', NULL, 1, 0, '2019-07-20 22:58:23', '2019-07-20 22:58:23'),
(50, 6, '4251563663540.jpg', '{\"productName\":\"ewqewqweqweq\",\"date\":\"10 July 2019\",\"regards\":\"<p>asdasdasdasdasdasdasd<\\/p>\\r\\n\\r\\n<p>adsasdsad<\\/p>\"}', NULL, 1, 0, '2019-07-20 22:59:00', '2019-07-20 22:59:00'),
(51, 2, '9911563663979.pdf', '{\"name\":\"mufu\",\"resignationDay\":\"17 July 2019\",\"lastWorkingDay\":\"31 July 2019\",\"regards\":\"<p>12<\\/p>\\r\\n\\r\\n<p>45<\\/p>\\r\\n\\r\\n<p>78<\\/p>\"}', NULL, 1, 0, '2019-07-20 23:06:19', '2019-07-20 23:06:19'),
(52, 9, '9451563664536.pdf', '{\"image\":\"3261563664536.png\",\"regards\":\"<p>2136879<\\/p>\\r\\n\\r\\n<p>ewqasdcxz<\\/p>\"}', '<p>As shared in our earlier communications, the Sales Organization at incubator embared on a journey of significantly elevating its bar with the expectation of delivering top tier in-store execution, realigning its product portfolio as per market potential, optimizing our route to Market, maximizing our revenue management capabilities and most importantly building a high performance, KPI focused sales team.<br />\r\n<br />\r\nIn light of the same, weare pleased to announce that the revised Rural Development Structure now has a dedicated, cluster-based team for increased focus and sustainable competitive advantage. This structure will report into Rural Development Manager, Malik Ajmal Khan.<br />\r\n<br />\r\nThe following role changes have been put in place and will be effective from the 1st February 2019.<br />\r\n<br />\r\n-- Shakeel Maqsood&#39;s role has been enriched, enabling him to better utilize his competenc, skills and business acumen for decision making and greater results. With his vast experience of the territory, we are expecting his inclusion will drive tremendous value in our quest to win in Rural Development Business. He will now be re designated as Zonal Sales Manager - Rural Development North for the Rural Development Business in Gujranwala &amp; Rawalpindi Regions.<br />\r\n<br />\r\n-- The role of Syed Noshaad Ali, Zonal Sales Manager - Rural has been re-designated a Zonal Sales Manager ⁠&mdash; Rural Development Central for the Rural Development Business in Lahore &amp; Faislabad Regions. Over the course of time, Noshad has been a consistent high performer and acheived various milestones with his rich experience, knoowledge and skill sets.<br />\r\n<br />\r\nWe are confident that these organizational structure adjustments will fuel delivery of our sales objectives and will further strengthen our Rural Development Division, resulting in specific goals, objectives and a better framework for benchmarking in the insudtry.<br />\r\n<br />\r\nWe wish all of them the best of luck for setting in their new roles and hope that they will continue to out-perform themselves.</p>', 1, 0, '2019-07-20 23:15:36', '2019-07-20 23:15:36'),
(53, 5, NULL, '{\"regards\":\"<p>sadsadasdsa<\\/p>\\r\\n\\r\\n<p>sadadas<\\/p>\\r\\n\\r\\n<p>ADASDSA<\\/p>\"}', '<p>Lorem Ipsum is simply dummy text of the printing and typesetting industry. Lorem Ipsum has been the industry&#39;s standard dummy text ever since the 1500s, when an unknown printer took a galley of type and scrambled it to make a type specimen book. It has survived not only five centuries, but also the leap into electronic typesetting, remaining essentially unchanged. It was popularised in the 1960s with the release of Letraset sheets containing Lorem Ipsum passages, and more recently with desktop publishing software like Aldus PageMaker including versions of Lorem Ipsum.</p>', 1, 0, '2019-07-20 23:17:25', '2019-07-20 23:17:25'),
(54, 6, NULL, '{\"productName\":\"2136987\",\"date\":\"31 July 2019\",\"regards\":\"<p>HR Department<\\/p>\"}', NULL, 1, 0, '2019-07-20 23:20:08', '2019-07-20 23:20:08'),
(55, 6, NULL, '{\"productName\":\"hahahah\",\"date\":\"27 July 2019\",\"regards\":\"<p>Product Team..<\\/p>\"}', NULL, 1, 0, '2019-07-20 23:20:36', '2019-07-20 23:20:36'),
(56, 6, NULL, '{\"productName\":\"56565464545\",\"date\":\"14 August 2019\",\"regards\":\"<p>Hmm nice<\\/p>\"}', NULL, 1, 0, '2019-07-20 23:23:20', '2019-07-20 23:23:20'),
(57, 6, NULL, '{\"productName\":\"pagal\",\"date\":\"30 July 2019\",\"regards\":\"<p>waaoo<\\/p>\"}', NULL, 1, 0, '2019-07-20 23:23:43', '2019-07-20 23:23:43'),
(58, 6, '5861563665053.png', '{\"productName\":\"ok ok ok\",\"date\":\"31 July 2019\",\"regards\":\"<p>nice<\\/p>\"}', NULL, 1, 0, '2019-07-20 23:24:13', '2019-07-20 23:24:13'),
(59, 6, '8301563665090.jpg', '{\"productName\":\"aaaasqweqeqweq\",\"date\":\"10 August 2019\",\"regards\":\"<p>ssewase<\\/p>\"}', NULL, 1, 0, '2019-07-20 23:24:50', '2019-07-20 23:24:50'),
(60, 6, NULL, '{\"productName\":\"buahahah\",\"date\":\"25 July 2019\",\"regards\":\"<p>Chal ja pls<\\/p>\"}', NULL, 1, 0, '2019-07-20 23:28:34', '2019-07-20 23:28:34'),
(61, 6, '8611563665368.png', '{\"productName\":\"hmm\",\"date\":\"27 July 2019\",\"regards\":\"<p>chalo<\\/p>\"}', NULL, 1, 0, '2019-07-20 23:29:28', '2019-07-20 23:29:28'),
(62, 6, '5951563665403.jpg', '{\"productName\":\"hjhghghh\",\"date\":\"10 July 2019\",\"regards\":\"<p>ghghghghghghgh<\\/p>\\r\\n\\r\\n<p>kkkkkkkk<\\/p>\"}', NULL, 1, 0, '2019-07-20 23:30:03', '2019-07-20 23:30:03'),
(63, 6, '8541563665477.jpg', '{\"productName\":\"hahahah\",\"date\":\"10 July 2019\",\"regards\":\"<p>kkkkkkkkk<\\/p>\\r\\n\\r\\n<p>jjjjjjjjjjjjjj<\\/p>\\r\\n\\r\\n<p>jhhhhhhhhhhhhhhhh<\\/p>\"}', NULL, 1, 0, '2019-07-20 23:31:17', '2019-07-20 23:31:17'),
(64, 6, '2061563665546.jpg', '{\"productName\":\"hahahah\",\"date\":\"10 July 2019\",\"regards\":\"<p>kkkkkkkkkkkkkkkk<\\/p>\\r\\n\\r\\n<p>jjjjjjjjjjjjjjjjjjjjjjjjjjjjjjjjjjjj<\\/p>\\r\\n\\r\\n<p>llllllllllllllllllllllllllllllllllllllllllll<\\/p>\"}', NULL, 1, 0, '2019-07-20 23:32:26', '2019-07-20 23:32:26'),
(65, 1, '6241563725365.png', '{\"name\":\"mufu\",\"designation\":\"HR\",\"regards\":\"<p>jhfjdhjh<\\/p>\"}', '<p>Dear All,<br />\r\n&nbsp;<br />\r\nPlease Join us in welcoming to IVS. Hammad has joined as Territory Sales Manager in the Sales Function and will be reporting into the Regional Key Account Manager South.<br />\r\n<br />\r\nHammad has over 6 months of Experience. He has worked as Business Developer at AT&amp;R Digital Marketing nd then held the position of TSM at our company on a cantract basis since the last 3 months as part of his last assignment.<br />\r\n<br />\r\nHammad holds a Bachelor of Science in Computer Science From Institute of Business Administration, Karachi.<br />\r\n<br />\r\nHe can be reached at email@example.com or at the the Karachi Region Office.<br />\r\n<br />\r\nWe wish him all the best for his role at our company.<br />\r\n<br />\r\nWelcome to the Incubator Family Hammad!</p>', 1, 0, '2019-07-21 16:09:25', '2019-07-21 16:09:25'),
(66, 1, '3671563728903.png', '{\"name\":\"mufu\",\"designation\":\"HR\",\"regards\":\"<p>jjjjj<\\/p>\"}', '<p>Dear All,<br />\r\n&nbsp;<br />\r\nPlease Join us in welcoming to IVS. Hammad has joined as Territory Sales Manager in the Sales Function and will be reporting into the Regional Key Account Manager South.<br />\r\n<br />\r\nHammad has over 6 months of Experience. He has worked as Business Developer at AT&amp;R Digital Marketing nd then held the position of TSM at our company on a cantract basis since the last 3 months as part of his last assignment.<br />\r\n<br />\r\nHammad holds a Bachelor of Science in Computer Science From Institute of Business Administration, Karachi.<br />\r\n<br />\r\nHe can be reached at email@example.com or at the the Karachi Region Office.<br />\r\n<br />\r\nWe wish him all the best for his role at our company.<br />\r\n<br />\r\nWelcome to the Incubator Family Hammad!</p>', 1, 0, '2019-07-21 17:08:23', '2019-07-21 17:08:23'),
(67, 1, '7741563730920.png', '{\"name\":\"kk\",\"designation\":\"HR\",\"regards\":\"<p>kjj<\\/p>\"}', '<p>Dear All,<br />\r\n<br />\r\nPlease Join us in welcoming to IVS. Hammad has joined as Territory Sales Manager in the Sales Function and will be reporting into the Regional Key Account Manager South.<br />\r\n&nbsp;ed as Business Developer at AT&amp;R Digital Marketing nd then held the position of TSM at our company on a cantract basis since the last 3 months as part of his last assignment.<br />\r\n<br />\r\nHammad holds a Bachelor of Science in Computer Science From Institute of Business Administration, Karachi.<br />\r\n<br />\r\nHe can be reached at email@example.com or at the the Karachi Region Office.<br />\r\n<br />\r\nWe wish him all the best for his role at our company.<br />\r\n<br />\r\nWelcome to the Incubator Family Hammad!</p>', 1, 0, '2019-07-21 17:42:00', '2019-07-21 17:42:00'),
(68, 1, '4141563732488.png', '{\"name\":\"mufu\",\"designation\":\"HR\",\"regards\":\"<p>jjjjjjjjjjjjjjjjjj<\\/p>\"}', '<p>Dear All,<br />\r\n<br />\r\nPlease Join us in welcoming to IVS. Hammad has joined as Territory Sales Manager in the Sales Function and will be reporting into the Regional Key Account Manager South.<br />\r\n&nbsp;<br />\r\nHammad has over 6 months of Experience. He has worked as Business Developer at AT&amp;R Digital Marketing nd then held the position of TSM at our company on a cantract basis since the last 3 months as part of his last assignment.<br />\r\n<br />\r\nHammad holds a Bachelor of Science in Computer Science From Institute of Business Administration, Karachi.<br />\r\n<br />\r\nHe can be reached at email@example.com or at the the Karachi Region Office.<br />\r\n<br />\r\nWe wish him all the best for his role at our company.<br />\r\n<br />\r\nWelcome to the Incubator Family Hammad!</p>', 1, 0, '2019-07-21 18:08:08', '2019-07-21 18:08:08'),
(69, 1, NULL, '{\"name\":\"jj\",\"designation\":\"CEO\",\"regards\":\"<p>hhhhh<\\/p>\"}', '<p>Dear All,<br />\r\n&nbsp;<br />\r\nPlease Join us in welcoming to IVS. Hammad has joined as Territory Sales Manager in the Sales Function and will be reporting into the Regional Key Account Manager South.<br />\r\n<br />\r\nHammad has over 6 months of Experience. He has worked as Business Developer at AT&amp;R Digital Marketing nd then held the position of TSM at our company on a cantract basis since the last 3 months as part of his last assignment.<br />\r\n<br />\r\nHammad holds a Bachelor of Science in Computer Science From Institute of Business Administration, Karachi.<br />\r\n<br />\r\nHe can be reached at email@example.com or at the the Karachi Region Office.<br />\r\n<br />\r\nWe wish him all the best for his role at our company.<br />\r\n<br />\r\nWelcome to the Incubator Family Hammad!</p>', 1, 0, '2019-07-21 18:57:53', '2019-07-21 18:57:53'),
(70, 1, '8731563735522.png', '{\"name\":\"mufu\",\"designation\":\"CEO\",\"regards\":\"<p>jjjjjjjjjjjjjjjjjj<\\/p>\"}', '<p>Dear All,<br />\r\n&nbsp;<br />\r\nPlease Join us in welcoming to IVS. Hammad has joined as Territory Sales Manager in the Sales Function and will be reporting into the Regional Key Account Manager South.<br />\r\n<br />\r\nHammad has over 6 months of Experience. He has worked as Business Developer at AT&amp;R Digital Marketing nd then held the position of TSM at our company on a cantract basis since the last 3 months as part of his last assignment.<br />\r\n<br />\r\nHammad holds a Bachelor of Science in Computer Science From Institute of Business Administration, Karachi.<br />\r\n<br />\r\nHe can be reached at email@example.com or at the the Karachi Region Office.<br />\r\n<br />\r\nWe wish him all the best for his role at our company.<br />\r\n<br />\r\nWelcome to the Incubator Family Hammad!</p>', 1, 0, '2019-07-21 18:58:42', '2019-07-21 18:58:42'),
(71, 4, NULL, '{\"location\":\"all IVC location\",\"date\":\"10 July 2019\",\"day\":\"monday\",\"regards\":\"<p>jjj<\\/p>\"}', NULL, 1, 0, '2019-07-21 19:40:51', '2019-07-21 19:40:51'),
(72, 4, '4271563743719.jpg', '{\"location\":\"Karachi\",\"date\":\"31 July 2019\",\"day\":\"monday\",\"regards\":\"<p>kkkkkkkkkkkkkkkk<\\/p>\"}', NULL, 1, 0, '2019-07-21 21:15:19', '2019-07-21 21:15:19'),
(73, 1, '4791563750084.png', '{\"name\":\"java\",\"designation\":\"HR\",\"regards\":\"<p>java<\\/p>\\r\\n\\r\\n<p>jhhhhh<\\/p>\"}', '<p>Dear All,<br />\r\n&nbsp;<br />\r\nPlease Join us in welcoming to IVS. Hammad has joined as Territory Sales Manager in the Sales Function and will be reporting into the Regional Key Account Manager South.<br />\r\n<br />\r\nHammad has over 6 months of Experience. He has worked as Business Developer at AT&amp;R Digital Marketing nd then held the position of TSM at our company on a cantract basis since the last 3 months as part of his last assignment.<br />\r\n<br />\r\nHammad holds a Bachelor of Science in Computer Science From Institute of Business Administration, Karachi.<br />\r\n<br />\r\nHe can be reached at email@example.com or at the the Karachi Region Office.<br />\r\n<br />\r\nWe wish him all the best for his role at our company.<br />\r\n<br />\r\nWelcome to the Incubator Family Hammad!</p>', 1, 0, '2019-07-21 23:01:24', '2019-07-21 23:01:24'),
(74, 2, NULL, '{\"name\":\"j\",\"resignationDay\":\"4 July 2019\",\"lastWorkingDay\":\"31 July 2019\",\"regards\":\"<p>kkkk<\\/p>\"}', NULL, 1, 0, '2019-07-22 00:02:50', '2019-07-22 00:02:50');
INSERT INTO `templates_details` (`id`, `template_id`, `file`, `meta`, `description`, `status`, `deleted`, `created_at`, `updated_at`) VALUES
(75, 5, NULL, '{\"regards\":\"<p>Col.(R)Khalid. M. Khan. TI(M)<br \\/>\\r\\nCorporate Security ,Admin &amp; Protocol Manager<br \\/>\\r\\nNational Foods Ltd.<br \\/>\\r\\n12\\/CL-6, Claremont Road,Civil Lines-Karachi<br \\/>\\r\\nTell: + 92 - 21-38402022 + 92 -21 -36490029(Ext-5015)<br \\/>\\r\\nMob:+923018274670&nbsp;<\\/p>\"}', '<p>Saudi Arabia Crown Prince,Mohammed Bin Salman is planned to visit Pakistan on February 16 for a two-day state visit. The crown prince is expected to stay at the Prime Minister House during his visit.<br />\r\n<br />\r\nA brief run down of the security/traffic update is given in the suceeding paras :-<br />\r\n1. Number of security checkpoints will be established on the roads.<br />\r\n2. All entry points of the federal capital will be scrutinized through special arrangements during the two days of his presence in the country.<br />\r\n3. Most areas in the immediate vicinity of the Red Zone will remain closed.<br />\r\n4. Metro Bus service will remain limited to Rawalpindi Only.<br />\r\n5. Likely LEA deployments in and around the twin cities:<br />\r\n6. Traffic Plan Under Approval, will be issued by Police.<br />\r\n7. Entry of heavy traffic will not be allowed in specific times while small vehicles allowed to move on alternate routes due to the closure of some boulevards including Express Highway.<br />\r\n8. Heavy traffic coming from Lahore would not be allowed to use Expressway and they will have to use the alternate route from Rawat T-Cross for Rawalpindi Saddar, GT Road, and Peshawar.<br />\r\n9. Heavy traffic coming from Peshawar would not be allowed to enter Islamabad as well as IJP Road and they would have to use the route from Chungi no.26, Meharabad to go towards Rawalpindi and Lahore.<br />\r\n10. Heavy traffic coming from Murree would be stopped at &lsquo;17 Meel Tool Plaza&rsquo; while those coming from Kahuta Road will be diverted towards Rawat T-Cross from &lsquo;Kak Bridge&rsquo;.<br />\r\n11. Expressway from Koral Chowk to Garden Chowk and Faisal Avenue till Rescue-15 U-Turn will remain closed in specific times.<br />\r\n12. Murree Road from Faizabad to Rawal Dam Chowk, Kashmir Chowk and Serena Hotel, Kashmir Highway from Peshawar Mor to Serena will remain closed.<br />\r\n13. Constitution Avenue from Radio Pakistan to Serena hotel and Soharwardi Road from Embassy Road to Serena hotel will remain closed.<br />\r\n14. Ataturk Road from Serena hotel to Nadra Chowk will also remain closed for routine traffic operations. 15.Recommend *Allocate additional travel time in schedules* due to disruptions throughout Islamabad &amp; Rawalpindi for February 16th &amp; 17th.<br />\r\n16. Minimize nonessential movement and maintain heightened vigilance.<br />\r\n17.Islamabad air space will be closed temporarily during the arrival and departure of the crown prince so people planning to travel by air to Islamabad on 16th &amp; 17th February should reconfirm flight itineraries.<br />\r\n18.Cellular network may also remain shutdown temporarily.<br />\r\n19.During any move keep your Identification documents readily available.</p>', 1, 0, '2019-07-24 03:39:18', '2019-07-24 03:39:18'),
(76, 9, NULL, '{\"image\":\"7461563943943.jpg\",\"regards\":\"<p>Department of Human Resources, National Foods Limited<br \\/>\\r\\nTel: 021.38402022 | URL: www.nfoods.com<\\/p>\"}', '<p>As shared in our earlier communications, the Sales Organization at incubator embared on a journey of significantly elevating its bar with the expectation of delivering top tier in-store execution, realigning its product portfolio as per market potential, optimizing our route to Market, maximizing our revenue management capabilities and most importantly building a high performance, KPI focused sales team.<br />\r\n&nbsp;<br />\r\nIn light of the same, weare pleased to announce that the revised Rural Development Structure now has a dedicated, cluster-based team for increased focus and sustainable competitive advantage. This structure will report into Rural Development Manager, Malik Ajmal Khan.<br />\r\n<br />\r\nThe following role changes have been put in place and will be effective from the 1st February 2019.<br />\r\n<br />\r\n-- Shakeel Maqsood&#39;s role has been enriched, enabling him to better utilize his competenc, skills and business acumen for decision making and greater results. With his vast experience of the territory, we are expecting his inclusion will drive tremendous value in our quest to win in Rural Development Business. He will now be re designated as Zonal Sales Manager - Rural Development North for the Rural Development Business in Gujranwala &amp; Rawalpindi Regions.<br />\r\n<br />\r\n-- The role of Syed Noshaad Ali, Zonal Sales Manager - Rural has been re-designated a Zonal Sales Manager ⁠&mdash; Rural Development Central for the Rural Development Business in Lahore &amp; Faislabad Regions. Over the course of time, Noshad has been a consistent high performer and acheived various milestones with his rich experience, knoowledge and skill sets.<br />\r\n<br />\r\nWe are confident that these organizational structure adjustments will fuel delivery of our sales objectives and will further strengthen our Rural Development Division, resulting in specific goals, objectives and a better framework for benchmarking in the insudtry.<br />\r\n<br />\r\nWe wish all of them the best of luck for setting in their new roles and hope that they will continue to out-perform themselves.</p>', 1, 0, '2019-07-24 04:52:23', '2019-07-24 04:52:23'),
(77, 1, '5501563945929.png', '{\"name\":\"jj\",\"designation\":\"CEO\",\"regards\":\"<p>Department of Human Resources, National Foods Limited<br \\/>\\r\\nTel: 021.38402022 | URL: www.nfoods.com<\\/p>\"}', '<p>Dear All,<br />\r\n&nbsp;<br />\r\nPlease Join us in welcoming to IVS. Hammad has joined as Territory Sales Manager in the Sales Function and will be reporting into the Regional Key Account Manager South.<br />\r\n<br />\r\nHammad has over 6 months of Experience. He has worked as Business Developer at AT&amp;R Digital Marketing nd then held the position of TSM at our company on a cantract basis since the last 3 months as part of his last assignment.<br />\r\n<br />\r\nHammad holds a Bachelor of Science in Computer Science From Institute of Business Administration, Karachi.<br />\r\n<br />\r\nHe can be reached at email@example.com or at the the Karachi Region Office.<br />\r\n<br />\r\nWe wish him all the best for his role at our company.<br />\r\n<br />\r\nWelcome to the Incubator Family Hammad!</p>', 1, 0, '2019-07-24 05:25:29', '2019-07-24 05:25:29'),
(78, 2, NULL, '{\"name\":\"da\",\"resignationDay\":\"4 July 2019\",\"lastWorkingDay\":\"31 July 2019\",\"regards\":\"<p>Malik Abdul Rauf | Payroll Administrator | NATIONAL FOODS LIMITED|<br \\/>\\r\\nCell: 0321-9252020 | Tel: 021-35821243-46 | URL: www.nfoods.com&nbsp;<\\/p>\"}', NULL, 1, 0, '2019-07-24 05:26:10', '2019-07-24 05:26:10'),
(79, 3, NULL, '{\"employeeDetails\":\"father of John Doe.\",\"otherDetails\":\"today, at 7:00 p.m.\",\"contactDetails\":\"You can contact John Doe on 090078601\",\"regards\":\"<p>Department of Human Resources, National Foods Limited<br \\/>\\r\\nTel: 021.38402022 | URL: www.nfoods.com&nbsp;<\\/p>\"}', NULL, 1, 0, '2019-07-24 05:26:34', '2019-07-24 05:26:34'),
(80, 4, '9391563946058.jpg', '{\"location\":\"Karachi\",\"date\":\"10 July 2019\",\"day\":\"monday\",\"regards\":\"<p>Department of Human Resources, National Foods Limited<br \\/>\\r\\nTel: 021.38402022 | URL: www.nfoods.com&nbsp;<\\/p>\"}', NULL, 1, 0, '2019-07-24 05:27:38', '2019-07-24 05:27:38'),
(81, 5, NULL, '{\"regards\":\"<p>Col.(R)Khalid. M. Khan. TI(M)<br \\/>\\r\\nCorporate Security ,Admin &amp; Protocol Manager<br \\/>\\r\\nNational Foods Ltd.<br \\/>\\r\\n12\\/CL-6, Claremont Road,Civil Lines-Karachi<br \\/>\\r\\nTell: + 92 - 21-38402022 + 92 -21 -36490029(Ext-5015)<br \\/>\\r\\nMob:+923018274670<\\/p>\"}', '<p>Saudi Arabia Crown Prince,Mohammed Bin Salman is planned to visit Pakistan on February 16 for a two-day state visit. The crown prince is expected to stay at the Prime Minister House during his visit.<br />\r\n&nbsp;<br />\r\nA brief run down of the security/traffic update is given in the suceeding paras :-<br />\r\n1. Number of security checkpoints will be established on the roads.<br />\r\n2. All entry points of the federal capital will be scrutinized through special arrangements during the two days of his presence in the country.<br />\r\n3. Most areas in the immediate vicinity of the Red Zone will remain closed.<br />\r\n4. Metro Bus service will remain limited to Rawalpindi Only.<br />\r\n5. Likely LEA deployments in and around the twin cities:<br />\r\n6. Traffic Plan Under Approval, will be issued by Police.<br />\r\n7. Entry of heavy traffic will not be allowed in specific times while small vehicles allowed to move on alternate routes due to the closure of some boulevards including Express Highway.<br />\r\n8. Heavy traffic coming from Lahore would not be allowed to use Expressway and they will have to use the alternate route from Rawat T-Cross for Rawalpindi Saddar, GT Road, and Peshawar.<br />\r\n9. Heavy traffic coming from Peshawar would not be allowed to enter Islamabad as well as IJP Road and they would have to use the route from Chungi no.26, Meharabad to go towards Rawalpindi and Lahore.<br />\r\n10. Heavy traffic coming from Murree would be stopped at &lsquo;17 Meel Tool Plaza&rsquo; while those coming from Kahuta Road will be diverted towards Rawat T-Cross from &lsquo;Kak Bridge&rsquo;.<br />\r\n11. Expressway from Koral Chowk to Garden Chowk and Faisal Avenue till Rescue-15 U-Turn will remain closed in specific times.<br />\r\n12. Murree Road from Faizabad to Rawal Dam Chowk, Kashmir Chowk and Serena Hotel, Kashmir Highway from Peshawar Mor to Serena will remain closed.<br />\r\n13. Constitution Avenue from Radio Pakistan to Serena hotel and Soharwardi Road from Embassy Road to Serena hotel will remain closed.<br />\r\n14. Ataturk Road from Serena hotel to Nadra Chowk will also remain closed for routine traffic operations. 15.Recommend *Allocate additional travel time in schedules* due to disruptions throughout Islamabad &amp; Rawalpindi for February 16th &amp; 17th.<br />\r\n16. Minimize nonessential movement and maintain heightened vigilance.<br />\r\n17.Islamabad air space will be closed temporarily during the arrival and departure of the crown prince so people planning to travel by air to Islamabad on 16th &amp; 17th February should reconfirm flight itineraries.<br />\r\n18.Cellular network may also remain shutdown temporarily.<br />\r\n19.During any move keep your Identification documents readily available.</p>', 1, 0, '2019-07-24 05:27:59', '2019-07-24 05:27:59'),
(82, 6, '8021563946235.jpg', '{\"productName\":\"hahahah\",\"date\":\"10 July 2019\",\"regards\":\"<p>Department of Human Resources, National Foods Limited<br \\/>\\r\\nTel: 021.38402022 | URL: www.nfoods.com&nbsp;<\\/p>\"}', NULL, 1, 0, '2019-07-24 05:30:35', '2019-07-24 05:30:35'),
(83, 7, '6881563946275.jpg', '{\"regards\":\"<p>Department of Human Resources, National Foods Limited<br \\/>\\r\\nTel: 021.38402022 | URL: www.nfoods.com&nbsp;<\\/p>\"}', '<p>&nbsp;<br />\r\nIVS believes in community development. The company has always stood at par with the society , adding value to it. In the past till this day we have actively taken part in various community building activities; from empowering women to adopting school, giving females quality education to providing nutrition through meals.<br />\r\n-- Shakeel Maqsood&#39;s role has been enriched, enabling him to better utilize his competenc, skills and business acumen for decision making and greater results. With his vast experience of the territory, we are expecting his inclusion will drive tremendous value in our quest to win in Rural Development Business. He will now be re designated as Zonal Sales Manager - Rural Development North for the Rural Development Business in Gujranwala &amp; Rawalpindi Regions.<br />\r\n<br />\r\n-- The role of Syed Noshaad Ali, Zonal Sales Manager - Rural has been re-designated a Zonal Sales Manager ⁠&mdash; Rural Development Central for the Rural Development Business in Lahore &amp; Faislabad Regions. Over the course of time, Noshad has been a consistent high performer and acheived various milestones with his rich experience, knoowledge and skill sets.<br />\r\n<br />\r\nWe are confident that these organizational structure adjustments will fuel delivery of our sales objectives and will further strengthen our Rural Development Division, resulting in specific goals, objectives and a better framework for benchmarking in the insudtry.<br />\r\n<br />\r\nWe wish all of them the best of luck for setting in their new roles and hope that they will continue to out-perform themselves.</p>', 1, 0, '2019-07-24 05:31:15', '2019-07-24 05:31:15'),
(84, 7, '5131563946463.jpg', '{\"regards\":\"<p>Department of Human Resources, National Foods Limited<br \\/>\\r\\nTel: 021.38402022 | URL: www.nfoods.com<\\/p>\"}', '<p><br />\r\nIVS believes in community development. The company has always stood at par with the society , adding value to it. In the past till this day we have actively taken part in various community building activities; from empowering women to adopting school, giving females quality education to providing nutrition through meals.<br />\r\n-- Shakeel Maqsood&#39;s role has be en enriched, enabling him to better utilize his competenc, skills and business acumen for decision making and greater results. With his vast experience of the territory, we are expecting his inclusion will drive tremendous value in our quest to win in Rural Development Business. He will now be re designated as Zonal Sales Manager - Rural Development North for the Rural Development Business in Gujranwala &amp; Rawalpindi Regions.<br />\r\n<br />\r\n-- The role of Syed Noshaad Ali, Zonal Sales Manager - Rural has been re-designated a Zonal Sales Manager ⁠&mdash; Rural Development Central for the Rural Development Business in Lahore &amp; Faislabad Regions. Over the course of time, Noshad has been a consistent high performer and acheived various milestones with his rich experience, knoowledge and skill sets.<br />\r\n<br />\r\nWe are confident that these organizational structure adjustments will fuel delivery of our sales objectives and will further strengthen our Rural Development Division, resulting in specific goals, objectives and a better framework for benchmarking in the insudtry.<br />\r\n<br />\r\nWe wish all of them the best of luck for setting in their new roles and hope that they will continue to out-perform themselves.</p>', 1, 0, '2019-07-24 05:34:23', '2019-07-24 05:34:23'),
(85, 6, '9331563946513.jpg', '{\"productName\":\"jjjjj\",\"date\":\"10 July 2019\",\"regards\":\"<p>Department of Human Resources, National Foods Limited<br \\/>\\r\\nTel: 021.38402022 | URL: www.nfoods.com<\\/p>\"}', NULL, 1, 0, '2019-07-24 05:35:13', '2019-07-24 05:35:13'),
(86, 9, NULL, '{\"image\":\"5361563946533.jpg\",\"regards\":\"<p>Department of Human Resources, National Foods Limited<br \\/>\\r\\nTel: 021.38402022 | URL: www.nfoods.com<\\/p>\"}', '<p>As shared in our earlier communications, the Sales Organization at incubator embared on a journey of significantly elevating its bar with the expectation of delivering top tier in-store execution, realigning its product portfolio as per market potential, optimizing our route to Market, maximizing our revenue management capabilities and most importantly building a high performance, KPI focused sales team.<br />\r\n&nbsp;<br />\r\nIn light of the same, weare pleased to announce that the revised Rural Development Structure now has a dedicated, cluster-based team for increased focus and sustainable competitive advantage. This structure will report into Rural Development Manager, Malik Ajmal Khan.<br />\r\n<br />\r\nThe following role changes have been put in place and will be effective from the 1st February 2019.<br />\r\n<br />\r\n-- Shakeel Maqsood&#39;s role has been enriched, enabling him to better utilize his competenc, skills and business acumen for decision making and greater results. With his vast experience of the territory, we are expecting his inclusion will drive tremendous value in our quest to win in Rural Development Business. He will now be re designated as Zonal Sales Manager - Rural Development North for the Rural Development Business in Gujranwala &amp; Rawalpindi Regions.<br />\r\n<br />\r\n-- The role of Syed Noshaad Ali, Zonal Sales Manager - Rural has been re-designated a Zonal Sales Manager ⁠&mdash; Rural Development Central for the Rural Development Business in Lahore &amp; Faislabad Regions. Over the course of time, Noshad has been a consistent high performer and acheived various milestones with his rich experience, knoowledge and skill sets.<br />\r\n<br />\r\nWe are confident that these organizational structure adjustments will fuel delivery of our sales objectives and will further strengthen our Rural Development Division, resulting in specific goals, objectives and a better framework for benchmarking in the insudtry.<br />\r\n<br />\r\nWe wish all of them the best of luck for setting in their new roles and hope that they will continue to out-perform themselves.</p>', 1, 0, '2019-07-24 05:35:33', '2019-07-24 05:35:33'),
(87, 10, '1291563947246.jpg', '{\"regards\":\"<p>Department of Human Resources, National Foods Limited<br \\/>\\r\\nTel: 021.38402022 | URL: www.nfoods.com<\\/p>\"}', '<p><br />\r\nAs shared in our earlier communications, the Sales Organization at incubator embared on a journey of significantly elevating its bar with the expectation of delivering top tier in-store execution, realigning its product portfolio as per market potential, optimizing our route to Market, maximizing our revenue management capabilities and most importantly building a high performance, KPI focused sales team.&nbsp;<br />\r\n<br />\r\nIn light of the same, weare pleased to announce that the revised Rural Development Structure now has a dedicated, cluster-based team for increased focus and sustainable competitive advantage. This structure will report into Rural Development Manager, Malik Ajmal Khan.<br />\r\n<br />\r\nThe following role changes have been put in place and will be effective from the 1st February 2019.<br />\r\n<br />\r\n-- Shakeel Maqsood&#39;s role has been enriched, enabling him to better utilize his competenc, skills and business acumen for decision making and greater results. With his vast experience of the territory, we are expecting his inclusion will drive tremendous value in our quest to win in Rural Development Business. He will now be re designated as Zonal Sales Manager - Rural Development North for the Rural Development Business in Gujranwala &amp; Rawalpindi Regions.<br />\r\n<br />\r\n-- The role of Syed Noshaad Ali, Zonal Sales Manager - Rural has been re-designated a Zonal Sales Manager ⁠&mdash; Rural Development Central for the Rural Development Business in Lahore &amp; Faislabad Regions. Over the course of time, Noshad has been a consistent high performer and acheived various milestones with his rich experience, knoowledge and skill sets.<br />\r\n<br />\r\nWe are confident that these organizational structure adjustments will fuel delivery of our sales objectives and will further strengthen our Rural Development Division, resulting in specific goals, objectives and a better framework for benchmarking in the insudtry.<br />\r\n<br />\r\nWe wish all of them the best of luck for setting in their new roles and hope that they will continue to out-perform themselves.</p>', 1, 0, '2019-07-24 05:47:26', '2019-07-24 05:47:26'),
(88, 9, NULL, '{\"image\":\"8711563947289.jpg\",\"regards\":\"<p>Department of Human Resources, National Foods Limited<br \\/>\\r\\nTel: 021.38402022 | URL: www.nfoods.com<\\/p>\"}', '<p>As shared in our earlier communications, the Sales Organization at incubator embared on a journey of significantly elevating its bar with the expectation of delivering top tier in-store execution, realigning its product portfolio as per market potential, optimizing our route to Market, maximizing our revenue management capabilities and most importantly building a high performance, KPI focused sales team.<br />\r\n&nbsp;<br />\r\nIn light of the same, weare pleased to announce that the revised Rural Development Structure now has a dedicated, cluster-based team for increased focus and sustainable competitive advantage. This structure will report into Rural Development Manager, Malik Ajmal Khan.<br />\r\n<br />\r\nThe following role changes have been put in place and will be effective from the 1st February 2019.<br />\r\n<br />\r\n-- Shakeel Maqsood&#39;s role has been enriched, enabling him to better utilize his competenc, skills and business acumen for decision making and greater results. With his vast experience of the territory, we are expecting his inclusion will drive tremendous value in our quest to win in Rural Development Business. He will now be re designated as Zonal Sales Manager - Rural Development North for the Rural Development Business in Gujranwala &amp; Rawalpindi Regions.<br />\r\n<br />\r\n-- The role of Syed Noshaad Ali, Zonal Sales Manager - Rural has been re-designated a Zonal Sales Manager ⁠&mdash; Rural Development Central for the Rural Development Business in Lahore &amp; Faislabad Regions. Over the course of time, Noshad has been a consistent high performer and acheived various milestones with his rich experience, knoowledge and skill sets.<br />\r\n<br />\r\nWe are confident that these organizational structure adjustments will fuel delivery of our sales objectives and will further strengthen our Rural Development Division, resulting in specific goals, objectives and a better framework for benchmarking in the insudtry.<br />\r\n<br />\r\nWe wish all of them the best of luck for setting in their new roles and hope that they will continue to out-perform themselves.</p>', 1, 0, '2019-07-24 05:48:09', '2019-07-24 05:48:09'),
(89, 10, NULL, '{\"regards\":\"<p>Department of Human Resources, National Foods Limited<br \\/>\\r\\nTel: 021.38402022 | URL: www.nfoods.com<\\/p>\"}', '<p><br />\r\nAs shared in our earlier communications, the Sales Organization at incubator embared on a journey of significantly elevating its bar with the expectation of delivering top tier in-store execution, realigning its product portfolio as per market potential, optimizing our route to Market, maximizing our revenue management capabilities and most importantly building a high performance, KPI focused sales team.<br />\r\n<br />\r\nIn light of the same, weare pleased to announce that the revised Rural Development Structure now has a dedicated, cluster-based team for increased focus and sustainable competitive advantage. This structure will report into Rural Development Manager, Malik Ajmal Khan.<br />\r\n<br />\r\nThe following role changes have been put in place and will be effective from the 1st February 2019.<br />\r\n<br />\r\n-- Shakeel Maqsood&#39;s role has been enriched, enabling him to better utilize his competenc, skills and business acumen for decision making and greater results. With his vast experience of the territory, we are expecting his inclusion will drive tremendous value in our quest to win in Rural Development Business. He will now be re designated as Zonal Sales Manager - Rural Development North for the Rural Development Business in Gujranwala &amp; Rawalpindi Regions.<br />\r\n<br />\r\n-- The role of Syed Noshaad Ali, Zonal Sales Manager - Rural has been re-designated a Zonal Sales Manager ⁠&mdash; Rural Development Central for the Rural Development Business in Lahore &amp; Faislabad Regions. Over the course of time, Noshad has been a consistent high performer and acheived various milestones with his rich experience, knoowledge and skill sets.<br />\r\n<br />\r\nWe are confident that these organizational structure adjustments will fuel delivery of our sales objectives and will further strengthen our Rural Development Division, resulting in specific goals, objectives and a better framework for benchmarking in the insudtry.<br />\r\n<br />\r\nWe wish all of them the best of luck for setting in their new roles and hope that they will continue to out-perform themselves.</p>', 1, 0, '2019-07-24 07:27:27', '2019-07-24 07:27:27'),
(90, 9, '2741563954467.pdf', '{\"image\":null,\"regards\":\"<p>Department of Human Resources, National Foods Limited<br \\/>\\r\\nTel: 021.38402022 | URL: www.nfoods.com<\\/p>\"}', '<p>As shared in our earlier communications, the Sales Organization at incubator embared on a journey of significantly elevating its bar with the expectation of delivering top tier in-store execution, realigning its product portfolio as per market potential, optimizing our route to Market, maximizing our revenue management capabilities and most importantly building a high performance, KPI focused sales team.&nbsp;<br />\r\n<br />\r\nIn light of the same, weare pleased to announce that the revised Rural Development Structure now has a dedicated, cluster-based team for increased focus and sustainable competitive advantage. This structure will report into Rural Development Manager, Malik Ajmal Khan.<br />\r\n<br />\r\nThe following role changes have been put in place and will be effective from the 1st February 2019.<br />\r\n<br />\r\n-- Shakeel Maqsood&#39;s role has been enriched, enabling him to better utilize his competenc, skills and business acumen for decision making and greater results. With his vast experience of the territory, we are expecting his inclusion will drive tremendous value in our quest to win in Rural Development Business. He will now be re designated as Zonal Sales Manager - Rural Development North for the Rural Development Business in Gujranwala &amp; Rawalpindi Regions.<br />\r\n<br />\r\n-- The role of Syed Noshaad Ali, Zonal Sales Manager - Rural has been re-designated a Zonal Sales Manager ⁠&mdash; Rural Development Central for the Rural Development Business in Lahore &amp; Faislabad Regions. Over the course of time, Noshad has been a consistent high performer and acheived various milestones with his rich experience, knoowledge and skill sets.<br />\r\n<br />\r\nWe are confident that these organizational structure adjustments will fuel delivery of our sales objectives and will further strengthen our Rural Development Division, resulting in specific goals, objectives and a better framework for benchmarking in the insudtry.<br />\r\n<br />\r\nWe wish all of them the best of luck for setting in their new roles and hope that they will continue to out-perform themselves.</p>', 1, 0, '2019-07-24 07:47:47', '2019-07-24 07:47:47'),
(91, 7, '5771563954575.jpg', '{\"regards\":\"<p>Department of Human Resources, National Foods Limited<br \\/>\\r\\nTel: 021.38402022 | URL: www.nfoods.com<\\/p>\"}', NULL, 1, 0, '2019-07-24 07:49:35', '2019-07-24 07:49:35'),
(92, 6, NULL, '{\"productName\":\"masala\",\"date\":\"10 July 2019\",\"regards\":\"<p>Department of Human Resources, National Foods Limited<br \\/>\\r\\nTel: 021.38402022 | URL: www.nfoods.com&nbsp;<\\/p>\"}', NULL, 1, 0, '2019-07-24 07:50:58', '2019-07-24 07:50:58'),
(93, 2, '5821563954700.pdf', '{\"name\":\"jj\",\"resignationDay\":\"4 July 2019\",\"lastWorkingDay\":\"31 July 2019\",\"regards\":\"<p>Malik Abdul Rauf | Payroll Administrator | NATIONAL FOODS LIMITED|<br \\/>\\r\\nCell: 0321-9252020 | Tel: 021-35821243-46 | URL: www.nfoods.com&nbsp;<\\/p>\"}', NULL, 1, 0, '2019-07-24 07:51:40', '2019-07-24 07:51:40'),
(94, 1, '9191563954793.png', '{\"name\":\"mufu\",\"designation\":\"mufu\",\"regards\":\"<p>Department of Human Resources, National Foods Limited<br \\/>\\r\\nTel: 021.38402022 | URL: www.nfoods.com&nbsp;<\\/p>\"}', '<p>Dear All,<br />\r\n<br />\r\nPlease Join us in welcoming to IVS. Hammad has joined as Territory Sales Manager in the Sales Function and will be reporting into the Regional Key Account Manager South.<br />\r\n<br />\r\nHammad has over 6 months of Experience. He has worked as Business Developer at AT&amp;R Digital Marketing nd then held the position of TSM at our company on a cantract basis since the last 3 months as part of his last assignment .<br />\r\n<br />\r\nHammad holds a Bachelor of Science in Computer Science From Institute of Business Administration, Karachi.<br />\r\n<br />\r\nHe can be reached at email@example.com or at the the Karachi Region Office.<br />\r\n<br />\r\nWe wish him all the best for his role at our company.<br />\r\n<br />\r\nWelcome to the Incubator Family Hammad!</p>', 1, 0, '2019-07-24 07:53:13', '2019-07-24 07:53:13'),
(95, 10, NULL, '{\"regards\":\"<p>Department of Human Resources, National Foods Limited<br \\/>\\r\\nTel: 021.38402022 | URL: www.nfoods.com&nbsp;<\\/p>\"}', '<p><br />\r\nAs shared in our earlier communications, the Sales Organization at incubator embared on a journey of significantly elevating its bar with the expectation of delivering top tier in-store execution, realigning its product portfolio as per market potential, optimizing our route to Market, maximizing our revenue management capabilities and most importantly building a high performance, KPI focused sales team.&nbsp;<br />\r\n<br />\r\nIn light of the same, weare pleased to announce that the revised Rural Development Structure now has a dedicated, cluster-based team for increased focus and sustainable competitive advantage. This structure will report into Rural Development Manager, Malik Ajmal Khan.<br />\r\n<br />\r\nThe following role changes have been put in place and will be effective from the 1st February 2019.<br />\r\n<br />\r\n-- Shakeel Maqsood&#39;s role has been enriched, enabling him to better utilize his competenc, skills and business acumen for decision making and greater results. With his vast experience of the territory, we are expecting his inclusion will drive tremendous value in our quest to win in Rural Development Business. He will now be re designated as Zonal Sales Manager - Rural Development North for the Rural Development Business in Gujranwala &amp; Rawalpindi Regions.<br />\r\n<br />\r\n-- The role of Syed Noshaad Ali, Zonal Sales Manager - Rural has been re-designated a Zonal Sales Manager ⁠&mdash; Rural Development Central for the Rural Development Business in Lahore &amp; Faislabad Regions. Over the course of time, Noshad has been a consistent high performer and acheived various milestones with his rich experience, knoowledge and skill sets.<br />\r\n<br />\r\nWe are confident that these organizational structure adjustments will fuel delivery of our sales objectives and will further strengthen our Rural Development Division, resulting in specific goals, objectives and a better framework for benchmarking in the insudtry.<br />\r\n<br />\r\nWe wish all of them the best of luck for setting in their new roles and hope that they will continue to out-perform themselves.</p>', 1, 0, '2019-07-24 08:01:26', '2019-07-24 08:01:26'),
(96, 4, NULL, '{\"location\":\"all IVC location\",\"date\":\"30 July 2019\",\"day\":\"Independence Day\",\"regards\":\"<p><strong>Department of Human Resources,<br \\/>\\r\\n090078601,<br \\/>\\r\\nThanks<\\/strong><\\/p>\"}', NULL, 1, 0, '2019-07-30 13:50:29', '2019-07-30 13:50:29'),
(97, 6, '9681564495362.jpg', '{\"productName\":\"jjjjj\",\"date\":\"10 July 2019\",\"regards\":\"<p>Department of Human Resources,&nbsp;<\\/p>\"}', NULL, 1, 0, '2019-07-30 14:02:42', '2019-07-30 14:02:42'),
(98, 6, '5671564497252.jpg', '{\"productName\":\"hahahah\",\"date\":\"10 July 2019\",\"regards\":\"<p>Department of Human Resources,&nbsp;<\\/p>\"}', NULL, 1, 0, '2019-07-30 14:34:12', '2019-07-30 14:34:12'),
(99, 6, '3921564497274.PNG', '{\"productName\":\"jjjjj\",\"date\":\"14 August 2019\",\"regards\":\"<p>Department of Human Resources,&nbsp;<\\/p>\"}', NULL, 1, 0, '2019-07-30 14:34:34', '2019-07-30 14:34:34'),
(100, 6, '5331564497292.jpg', '{\"productName\":\"jjjjj\",\"date\":\"31 July 2019\",\"regards\":\"<p>Department of Human Resources,&nbsp;<\\/p>\"}', NULL, 1, 0, '2019-07-30 14:34:52', '2019-07-30 14:34:52'),
(101, 6, '2051564497315.PNG', '{\"productName\":\"VIM\",\"date\":\"31 July 2019\",\"regards\":\"<p>Department of Human Resources,&nbsp;<\\/p>\"}', NULL, 1, 0, '2019-07-30 14:35:15', '2019-07-30 14:35:15'),
(102, 11, '8461564502035.jpg', '{\"regards\":\"<p><strong>Department of Human Resources<\\/strong><\\/p>\"}', '<p><br />\r\nAs shared in our earlier communications, the Sales Organization at incubator embared on a journey of significantly elevating its bar with the expectation of delivering top tier in-store execution, realigning its product portfolio as per market potential, optimizing our route to Market, maximizing our revenue management capabilities and most importantly building a high performance, KPI focused sales team.<br />\r\n<br />\r\nIn light of the same, weare pleased to announce that the revised Rural Development Structure now has a dedicated, cluster-based team for increased focus and sustainable competitive advantage. This structure will report into Rural Development Manager, Malik Ajmal Khan.<br />\r\n<br />\r\nThe following role changes have been put in place and will be effective from the 1st February 2019.<br />\r\n<br />\r\n-- Shakeel Maqsood&#39;s role has been enriched, enabling him to better utilize his competenc, skills and business acumen for decision making and greater results. With his vast experience of the territory, we are expecting his inclusion will drive tremendous value in our quest to win in Rural Development Business. He will now be re designated as Zonal Sales Manager - Rural Development North for the Rural Development Business in Gujranwala &amp; Rawalpindi Regions.<br />\r\n<br />\r\n-- The role of Syed Noshaad Ali, Zonal Sales Manager - Rural has been re-designated a Zonal Sales Manager ⁠&mdash; Rural Development Central for the Rural Development Business in Lahore &amp; Faislabad Regions. Over the course of time, Noshad has been a consistent high performer and acheived various milestones with his rich experience, knoowledge and skill sets.<br />\r\n<br />\r\nWe are confident that these organizational structure adjustments will fuel delivery of our sales objectives and will further strengthen our Rural Development Division, resulting in specific goals, objectives and a better framework for benchmarking in the insudtry.<br />\r\n<br />\r\nWe wish all of them the best of luck for setting in their new roles and hope that they will continue to out-perform themselves.</p>', 1, 0, '2019-07-30 15:53:56', '2019-07-30 15:53:56'),
(103, 1, '9011565182446.png', '{\"name\":\"mufu\",\"designation\":\"CEO\",\"regards\":\"<p>Department of Human Resources, National Foods Limited<br \\/>\\r\\nTel: 021.38402022 | URL: www.nfoods.com&nbsp;<\\/p>\"}', '<p>Dear All,<br />\r\n<br />\r\nPlease Join us in welcoming to IVS. Hammad has joined as Territory Sales Manager in the Sales Function and will be reporting into the Regional Key Account Manager South.<br />\r\n<br />\r\nHammad has over 6 months of Experience. He has worked as Business Developer at AT&amp;R Digital Marketing nd then held the position of TSM at our company on a cantract basis since the last 3 months as part of his last assignment.<br />\r\n<br />\r\nHammad holds a Bachelor of Science in Computer Science From Institute of Business Administration, Karachi.<br />\r\n<br />\r\nHe can be reached at email@example.com or at the the Karachi Region Office.<br />\r\n<br />\r\nWe wish him all the best for his role at our company.<br />\r\n<br />\r\nWelcome to the Incubator Family Hammad!</p>', 1, 0, '2019-08-07 12:54:06', '2019-08-07 12:54:06'),
(104, 10, '1501565230045.PNG', '{\"regards\":\"<p>Department of Human Resources, National Foods Limited<br \\/>\\r\\nTel: 021.38402022 | URL: www.nfoods.com<\\/p>\"}', '<p><br />\r\nAs shared in our earlier communications, the Sales Organization at incubator embared on a journey of significantly elevating its bar with the expectation of delivering top tier in-store execution, realigning its product portfolio as per market potential, optimizing our route to Market, maximizing our revenue management capabilities and most importantly building a high performance, KPI focused sales team.<br />\r\n&nbsp;<br />\r\nIn light of the same, weare pleased to announce that the revised Rural Development Structure now has a dedicated, cluster-based team for increased focus and sustainable competitive advantage. This structure will report into Rural Development Manager, Malik Ajmal Khan.<br />\r\n<br />\r\nThe following role changes have been put in place and will be effective from the 1st February 2019.<br />\r\n<br />\r\n-- Shakeel Maqsood&#39;s role has been enriched, enabling him to better utilize his competenc, skills and business acumen for decision making and greater results. With his vast experience of the territory, we are expecting his inclusion will drive tremendous value in our quest to win in Rural Development Business. He will now be re designated as Zonal Sales Manager - Rural Development North for the Rural Development Business in Gujranwala &amp; Rawalpindi Regions.<br />\r\n<br />\r\n-- The role of Syed Noshaad Ali, Zonal Sales Manager - Rural has been re-designated a Zonal Sales Manager ⁠&mdash; Rural Development Central for the Rural Development Business in Lahore &amp; Faislabad Regions. Over the course of time, Noshad has been a consistent high performer and acheived various milestones with his rich experience, knoowledge and skill sets.<br />\r\n<br />\r\nWe are confident that these organizational structure adjustments will fuel delivery of our sales objectives and will further strengthen our Rural Development Division, resulting in specific goals, objectives and a better framework for benchmarking in the insudtry.<br />\r\n<br />\r\nWe wish all of them the best of luck for setting in their new roles and hope that they will continue to out-perform themselves.</p>', 1, 0, '2019-08-08 02:07:25', '2019-08-08 02:07:25'),
(105, 9, NULL, '{\"image\":\"6571565230229.jpg\",\"regards\":\"<p>Department of Human Resources, National Foods Limited<br \\/>\\r\\nTel: 021.38402022 | URL: www.nfoods.com<\\/p>\"}', '<p>As shared in our earlier communications, the Sales Organization at incubator embared on a journey of significantly elevating its bar with the expectation of delivering top tier in-store execution, realigning its product portfolio as per market potential, optimizing our route to Market, maximizing our revenue management capabilities and most importantly building a high performance, KPI focused sales team.&nbsp;<br />\r\n<br />\r\nIn light of the same, weare pleased to announce that the revised Rural Development Structure now has a dedicated, cluster-based team for increased focus and sustainable competitive advantage. This structure will report into Rural Development Manager, Malik Ajmal Khan.<br />\r\n<br />\r\nThe following role changes have been put in place and will be effective from the 1st February 2019.<br />\r\n<br />\r\n-- Shakeel Maqsood&#39;s role has been enriched, enabling him to better utilize his competenc, skills and business acumen for decision making and greater results. With his vast experience of the territory, we are expecting his inclusion will drive tremendous value in our quest to win in Rural Development Business. He will now be re designated as Zonal Sales Manager - Rural Development North for the Rural Development Business in Gujranwala &amp; Rawalpindi Regions.<br />\r\n<br />\r\n-- The role of Syed Noshaad Ali, Zonal Sales Manager - Rural has been re-designated a Zonal Sales Manager ⁠&mdash; Rural Development Central for the Rural Development Business in Lahore &amp; Faislabad Regions. Over the course of time, Noshad has been a consistent high performer and acheived various milestones with his rich experience, knoowledge and skill sets.<br />\r\n<br />\r\nWe are confident that these organizational structure adjustments will fuel delivery of our sales objectives and will further strengthen our Rural Development Division, resulting in specific goals, objectives and a better framework for benchmarking in the insudtry.<br />\r\n<br />\r\nWe wish all of them the best of luck for setting in their new roles and hope that they will continue to out-perform themselves.</p>', 1, 0, '2019-08-08 02:10:29', '2019-08-08 02:10:29'),
(106, 13, '5691565240733.pdf', '{\"image\":\"4551565240733.jpg\",\"regards\":\"<p>Department of Human Resources, National Foods Limited<br \\/>\\r\\nTel: 021.38402022 | URL: www.nfoods.com<\\/p>\"}', '<p>As shared in our earlier communications, the Sales Organization at incubator embared on a journey of significantly elevating its bar with the expectation of delivering top tier in-store execution, realigning its product portfolio as per market potential, optimizing our route to Market, maximizing our revenue management capabilities and most importantly building a high performance, KPI focused sales team.&nbsp;<br />\r\n<br />\r\nIn light of the same, weare pleased to announce that the revised Rural Development Structure now has a dedicated, cluster-based team for increased focus and sustainable competitive advantage. This structure will report into Rural Development Manager, Malik Ajmal Khan.<br />\r\n<br />\r\nThe following role changes have been put in place and will be effective from the 1st February 2019.<br />\r\n<br />\r\n-- Shakeel Maqsood&#39;s role has been enriched, enabling him to better utilize his competenc, skills and business acumen for decision making and greater results. With his vast experience of the territory, we are expecting his inclusion will drive tremendous value in our quest to win in Rural Development Business. He will now be re designated as Zonal Sales Manager - Rural Development North for the Rural Development Business in Gujranwala &amp; Rawalpindi Regions.<br />\r\n<br />\r\n-- The role of Syed Noshaad Ali, Zonal Sales Manager - Rural has been re-designated a Zonal Sales Manager ⁠&mdash; Rural Development Central for the Rural Development Business in Lahore &amp; Faislabad Regions. Over the course of time, Noshad has been a consistent high performer and acheived various milestones with his rich experience, knoowledge and skill sets.<br />\r\n<br />\r\nWe are confident that these organizational structure adjustments will fuel delivery of our sales objectives and will further strengthen our Rural Development Division, resulting in specific goals, objectives and a better framework for benchmarking in the insudtry.<br />\r\n<br />\r\nWe wish all of them the best of luck for setting in their new roles and hope that they will continue to out-perform themselves.</p>', 1, 0, '2019-08-08 05:05:33', '2019-08-08 05:05:33'),
(107, 11, NULL, '{\"regards\":\"<p>Department of Human Resources, National Foods Limited<br \\/>\\r\\nTel: 021.38402022 | URL: www.nfoods.com<\\/p>\"}', '<p><br />\r\nAs shared in our earlier communications, the Sales Organization at incubator embared on a journey of significantly elevating its bar with the expectation of delivering top tier in-store execution, realigning its product portfolio as per market potential, optimizing our route to Market, maximizing our revenue management capabilities and most importantly building a high performance, KPI focused sales team.&nbsp;<br />\r\n<br />\r\nIn light of the same, weare pleased to announce that the revised Rural Development Structure now has a dedicated, cluster-based team for increased focus and sustainable competitive advantage. This structure will report into Rural Development Manager, Malik Ajmal Khan.<br />\r\n<br />\r\nThe following role changes have been put in place and will be effective from the 1st February 2019.<br />\r\n<br />\r\n-- Shakeel Maqsood&#39;s role has been enriched, enabling him to better utilize his competenc, skills and business acumen for decision making and greater results. With his vast experience of the territory, we are expecting his inclusion will drive tremendous value in our quest to win in Rural Development Business. He will now be re designated as Zonal Sales Manager - Rural Development North for the Rural Development Business in Gujranwala &amp; Rawalpindi Regions.<br />\r\n<br />\r\n-- The role of Syed Noshaad Ali, Zonal Sales Manager - Rural has been re-designated a Zonal Sales Manager ⁠&mdash; Rural Development Central for the Rural Development Business in Lahore &amp; Faislabad Regions. Over the course of time, Noshad has been a consistent high performer and acheived various milestones with his rich experience, knoowledge and skill sets.<br />\r\n<br />\r\nWe are confident that these organizational structure adjustments will fuel delivery of our sales objectives and will further strengthen our Rural Development Division, resulting in specific goals, objectives and a better framework for benchmarking in the insudtry.<br />\r\n<br />\r\nWe wish all of them the best of luck for setting in their new roles and hope that they will continue to out-perform themselves.</p>', 1, 0, '2019-08-08 05:06:17', '2019-08-08 05:06:17'),
(108, 12, NULL, '{\"regards\":\"<p>Department of Human Resources, National Foods Limited<br \\/>\\r\\nTel: 021.38402022 | URL: www.nfoods.com<\\/p>\"}', '<p><br />\r\nAs shared in our earlier communications, the Sales Organization at incubator embared on a journey of significantly elevating its bar with the expectation of delivering top tier in-store execution, realigning its product portfolio as per market potential, optimizing our route to Market, maximizing our revenue management capabilities and most importantly building a high performance, KPI focused sales tea m.<br />\r\n<br />\r\nIn light of the same, weare pleased to announce that the revised Rural Development Structure now has a dedicated, cluster-based team for increased focus and sustainable competitive advantage. This structure will report into Rural Development Manager, Malik Ajmal Khan.<br />\r\n<br />\r\nThe following role changes have been put in place and will be effective from the 1st February 2019.<br />\r\n<br />\r\n-- Shakeel Maqsood&#39;s role has been enriched, enabling him to better utilize his competenc, skills and business acumen for decision making and greater results. With his vast experience of the territory, we are expecting his inclusion will drive tremendous value in our quest to win in Rural Development Business. He will now be re designated as Zonal Sales Manager - Rural Development North for the Rural Development Business in Gujranwala &amp; Rawalpindi Regions.<br />\r\n<br />\r\n-- The role of Syed Noshaad Ali, Zonal Sales Manager - Rural has been re-designated a Zonal Sales Manager ⁠&mdash; Rural Development Central for the Rural Development Business in Lahore &amp; Faislabad Regions. Over the course of time, Noshad has been a consistent high performer and acheived various milestones with his rich experience, knoowledge and skill sets.<br />\r\n<br />\r\nWe are confident that these organizational structure adjustments will fuel delivery of our sales objectives and will further strengthen our Rural Development Division, resulting in specific goals, objectives and a better framework for benchmarking in the insudtry.<br />\r\n<br />\r\nWe wish all of them the best of luck for setting in their new roles and hope that they will continue to out-perform themselves.</p>', 1, 0, '2019-08-08 05:08:22', '2019-08-08 05:08:22');
INSERT INTO `templates_details` (`id`, `template_id`, `file`, `meta`, `description`, `status`, `deleted`, `created_at`, `updated_at`) VALUES
(109, 14, NULL, '{\"image\":null,\"regards\":\"<p>Department of Human Resources, National Foods Limited<br \\/>\\r\\nTel: 021.38402022 | URL: www.nfoods.com<\\/p>\"}', '<p>As shared in our earlier communications, the Sales Organization at incubator embared on a journey of significantly elevating its bar with the expectation of delivering top tier in-store execution, realigning its product portfolio as per market potential, optimizing our route to Market, maximizing our revenue management capabilities and most importantly building a high performance, KPI focused sales team.<br />\r\n&nbsp;<br />\r\nIn light of the same, weare pleased to announce that the revised Rural Development Structure now has a dedicated, cluster-based team for increased focus and sustainable competitive advantage. This structure will report into Rural Development Manager, Malik Ajmal Khan.<br />\r\n<br />\r\nThe following role changes have been put in place and will be effective from the 1st February 2019.<br />\r\n<br />\r\n-- Shakeel Maqsood&#39;s role has been enriched, enabling him to better utilize his competenc, skills and business acumen for decision making and greater results. With his vast experience of the territory, we are expecting his inclusion will drive tremendous value in our quest to win in Rural Development Business. He will now be re designated as Zonal Sales Manager - Rural Development North for the Rural Development Business in Gujranwala &amp; Rawalpindi Regions.<br />\r\n<br />\r\n-- The role of Syed Noshaad Ali, Zonal Sales Manager - Rural has been re-designated a Zonal Sales Manager ⁠&mdash; Rural Development Central for the Rural Development Business in Lahore &amp; Faislabad Regions. Over the course of time, Noshad has been a consistent high performer and acheived various milestones with his rich experience, knoowledge and skill sets.<br />\r\n<br />\r\nWe are confident that these organizational structure adjustments will fuel delivery of our sales objectives and will further strengthen our Rural Development Division, resulting in specific goals, objectives and a better framework for benchmarking in the insudtry.<br />\r\n<br />\r\nWe wish all of them the best of luck for setting in their new roles and hope that they will continue to out-perform themselves.</p>', 1, 0, '2019-08-08 05:22:29', '2019-08-08 05:22:29'),
(110, 1, '4001565257968.png', '{\"name\":\"mufu\",\"designation\":\"HR\",\"regards\":\"<p>Department of Human Resources, National Foods Limited<br \\/>\\r\\nTel: 021.38402022 | URL: www.nfoods.com<\\/p>\"}', '<p>Dear All,<br />\r\n<br />\r\nPlease Join us in welcoming to IVS.&nbsp; has joined as Territory Sales Manager in the Sales Function and will be reporting into the Regional Key Account Manager South.<br />\r\n&nbsp;<br />\r\nHammad has over 6 months of Experience. He has worked as Business Developer at AT&amp;R Digital Marketing nd then held the position of TSM at our company on a cantract basis since the last 3 months as part of his last assignment.<br />\r\n<br />\r\nHammad holds a Bachelor of Science in Computer Science From Institute of Business Administration, Karachi.<br />\r\n<br />\r\nHe can be reached at email@example.com or at the the Karachi Region Office.<br />\r\n<br />\r\nWe wish him all the best for his role at our company.<br />\r\n<br />\r\nWelcome to the Incubator Family Hammad!</p>', 1, 0, '2019-08-08 09:52:48', '2019-08-08 09:52:48'),
(111, 2, '8031565258102.pdf', '{\"name\":\"mufu\",\"resignationDay\":\"4 July 2019\",\"lastWorkingDay\":\"31 July 2019\",\"regards\":\"<p>Malik Abdul Rauf | Payroll Administrator | NATIONAL FOODS LIMITED|<br \\/>\\r\\nCell: 0321-9252020 | Tel: 021-35821243-46 | URL: www.nfoods.com<\\/p>\"}', NULL, 1, 0, '2019-08-08 09:55:02', '2019-08-08 09:55:02'),
(112, 3, NULL, '{\"employeeDetails\":\"father of John Doe.\",\"otherDetails\":\"today, at 7:00 p.m.\",\"contactDetails\":\"You can contact John Doe on 090078601\",\"regards\":\"<p>Department of Human Resources, National Foods Limited<br \\/>\\r\\nTel: 021.38402022 | URL: www.nfoods.com&nbsp;<\\/p>\"}', NULL, 1, 0, '2019-08-08 09:56:00', '2019-08-08 09:56:00'),
(113, 6, '8651565258207.jpg', '{\"productName\":\"mufu\",\"date\":\"10 July 2019\",\"regards\":\"<p>Department of Human Resources, National Foods Limited<br \\/>\\r\\nTel: 021.38402022 | URL: www.nfoods.com&nbsp;<\\/p>\"}', NULL, 1, 0, '2019-08-08 09:56:47', '2019-08-08 09:56:47'),
(114, 7, '5711565258340.jpg', '{\"regards\":\"<p>Department of Human Resources, National Foods Limited<br \\/>\\r\\nTel: 021.38402022 | URL: www.nfoods.com&nbsp;<\\/p>\"}', '<p><br />\r\nIVS believes in community development. The company has always stood at par with the society , adding value to it. In the past till this day we have actively taken part in various community building activities; from empowering women to adopting school, giving females quality education to providing nutrition through meals.&nbsp;<br />\r\n-- Shakeel Maqsood&#39;s role has been enriched, enabling him to better utilize his competenc, skills and business acumen for decision making and greater results. With his vast experience of the territory, we are expecting his inclusion will drive tremendous value in our quest to win in Rural Development Business. He will now be re designated as Zonal Sales Manager - Rural Development North for the Rural Development Business in Gujranwala &amp; Rawalpindi Regions.<br />\r\n<br />\r\n-- The role of Syed Noshaad Ali, Zonal Sales Manager - Rural has been re-designated a Zonal Sales Manager ⁠&mdash; Rural Development Central for the Rural Development Business in Lahore &amp; Faislabad Regions. Over the course of time, Noshad has been a consistent high performer and acheived various milestones with his rich experience, knoowledge and skill sets.<br />\r\n<br />\r\nWe are confident that these organizational structure adjustments will fuel delivery of our sales objectives and will further strengthen our Rural Development Division, resulting in specific goals, objectives and a better framework for benchmarking in the insudtry.<br />\r\n<br />\r\nWe wish all of them the best of luck for setting in their new roles and hope that they will continue to out-perform themselves.</p>', 1, 0, '2019-08-08 09:59:00', '2019-08-08 09:59:00'),
(115, 7, '2371565258369.jpg', '{\"regards\":\"<p>Department of Human Resources, National Foods Limited<br \\/>\\r\\nTel: 021.38402022 | URL: www.nfoods.com<\\/p>\"}', '<p><br />\r\nIVS believes in community development. The company has always stood at par with the society , adding value to it. In the past till this day we have actively taken part in various community building activities; from empowering women to adopting school, giving females quality education to providing nutrition through meals.&nbsp;<br />\r\n-- Shakeel Maqsood&#39;s role has been enriched, enabling him to better utilize his competenc, skills and business acumen for decision making and greater results. With his vast experience of the territory, we are expecting his inclusion will drive tremendous value in our quest to win in Rural Development Business. He will now be re designated as Zonal Sales Manager - Rural Development North for the Rural Development Business in Gujranwala &amp; Rawalpindi Regions.<br />\r\n<br />\r\n-- The role of Syed Noshaad Ali, Zonal Sales Manager - Rural has been re-designated a Zonal Sales Manager ⁠&mdash; Rural Development Central for the Rural Development Business in Lahore &amp; Faislabad Regions. Over the course of time, Noshad has been a consistent high performer and acheived various milestones with his rich experience, knoowledge and skill sets.<br />\r\n<br />\r\nWe are confident that these organizational structure adjustments will fuel delivery of our sales objectives and will further strengthen our Rural Development Division, resulting in specific goals, objectives and a better framework for benchmarking in the insudtry.<br />\r\n<br />\r\nWe wish all of them the best of luck for setting in their new roles and hope that they will continue to out-perform themselves.</p>', 1, 0, '2019-08-08 09:59:29', '2019-08-08 09:59:29'),
(116, 5, NULL, '{\"regards\":\"<p>Col.(R)Khalid. M. Khan. TI(M)<br \\/>\\r\\nCorporate Security ,Admin &amp; Protocol Manager<br \\/>\\r\\nNational Foods Ltd.<br \\/>\\r\\n12\\/CL-6, Claremont Road,<br \\/>\\r\\nCivil Lines-Karachi<br \\/>\\r\\nTell: + 92 - 21-38402022<br \\/>\\r\\n+ 92 -21 -36490029(Ext-5015)<br \\/>\\r\\nMob:+923018274670<\\/p>\"}', '<p>Saudi Arabia Crown Prince,Mohammed Bin Salman is planned to visit Pakistan on February 16 for a two-day state visit. The crown prince is expected to stay at the Prime Minister House during his visit.<br />\r\n&nbsp;<br />\r\nA brief run down of the security/traffic update is given in the suceeding paras :-<br />\r\n1. Number of security checkpoints will be established on the roads.<br />\r\n2. All entry points of the federal capital will be scrutinized through special arrangements during the two days of his presence in the country.<br />\r\n3. Most areas in the immediate vicinity of the Red Zone will remain closed.<br />\r\n4. Metro Bus service will remain limited to Rawalpindi Only.<br />\r\n5. Likely LEA deployments in and around the twin cities:<br />\r\n6. Traffic Plan Under Approval, will be issued by Police.<br />\r\n7. Entry of heavy traffic will not be allowed in specific times while small vehicles allowed to move on alternate routes due to the closure of some boulevards including Express Highway.<br />\r\n8. Heavy traffic coming from Lahore would not be allowed to use Expressway and they will have to use the alternate route from Rawat T-Cross for Rawalpindi Saddar, GT Road, and Peshawar.<br />\r\n9. Heavy traffic coming from Peshawar would not be allowed to enter Islamabad as well as IJP Road and they would have to use the route from Chungi no.26, Meharabad to go towards Rawalpindi and Lahore.<br />\r\n10. Heavy traffic coming from Murree would be stopped at &lsquo;17 Meel Tool Plaza&rsquo; while those coming from Kahuta Road will be diverted towards Rawat T-Cross from &lsquo;Kak Bridge&rsquo;.<br />\r\n11. Expressway from Koral Chowk to Garden Chowk and Faisal Avenue till Rescue-15 U-Turn will remain closed in specific times.<br />\r\n12. Murree Road from Faizabad to Rawal Dam Chowk, Kashmir Chowk and Serena Hotel, Kashmir Highway from Peshawar Mor to Serena will remain closed.<br />\r\n13. Constitution Avenue from Radio Pakistan to Serena hotel and Soharwardi Road from Embassy Road to Serena hotel will remain closed.<br />\r\n14. Ataturk Road from Serena hotel to Nadra Chowk will also remain closed for routine traffic operations. 15.Recommend *Allocate additional travel time in schedules* due to disruptions throughout Islamabad &amp; Rawalpindi for February 16th &amp; 17th.<br />\r\n16. Minimize nonessential movement and maintain heightened vigilance.<br />\r\n17.Islamabad air space will be closed temporarily during the arrival and departure of the crown prince so people planning to travel by air to Islamabad on 16th &amp; 17th February should reconfirm flight itineraries.<br />\r\n18.Cellular network may also remain shutdown temporarily.<br />\r\n19.During any move keep your Identification documents readily available.</p>', 1, 0, '2019-08-08 10:01:23', '2019-08-08 10:01:23'),
(117, 4, NULL, '{\"location\":\"Karachi\",\"date\":\"10 July 2019\",\"day\":\"Monda\",\"regards\":\"<p>Department of Human Resources, National Foods Limited<br \\/>\\r\\nTel: 021.38402022 | URL: www.nfoods.com&nbsp;<\\/p>\"}', NULL, 1, 0, '2019-08-08 10:02:34', '2019-08-08 10:02:34'),
(118, 8, NULL, '{\"image\":null,\"jobPost\":\"HRBP\",\"area\":\"HR\",\"regards\":\"<p>Department of Human Recources, National Foods Limited<br \\/>\\r\\nTel: 021.38402022 | URL: www.nfoods.com<\\/p>\"}', '<p>POSITION SUMMARY:<br />\r\n<br />\r\nThe key resposibilities of Route-to-Market Manager(Central &amp; North) will be to drive competitive structure for sales, deploy RTM optimization, drive target setting agenda till DSFs, develop sales Communication&nbsp;</p>', 1, 0, '2019-08-08 10:03:47', '2019-08-08 10:03:47'),
(119, 1, '6981565259248.png', '{\"name\":\"da\",\"designation\":\"HR\",\"regards\":\"<p>Department of Human Resources, National Foods Limited<br \\/>\\r\\nTel: 021.38402022 | URL: www.nfoods.com<\\/p>\"}', '<p>Dear All,<br />\r\n&nbsp;<br />\r\nPlease Join us in welcoming to IVS. Hammad has joined as Territory Sales Manager in the Sales Function and will be reporting into the Regional Key Account Manager South.<br />\r\n<br />\r\nHammad has over 6 months of Experience. He has worked as Business Developer at AT&amp;R Digital Marketing nd then held the position of TSM at our company on a cantract basis since the last 3 months as part of his last assignment.<br />\r\n<br />\r\nHammad holds a Bachelor of Science in Computer Science From Institute of Business Administration, Karachi.<br />\r\n<br />\r\nHe can be reached at email@example.com or at the the Karachi Region Office.<br />\r\n<br />\r\nWe wish him all the best for his role at our company.<br />\r\n<br />\r\nWelcome to the Incubator Family Hammad!</p>', 1, 0, '2019-08-08 10:14:08', '2019-08-08 10:14:08'),
(120, 9, '1611565259333.pdf', '{\"image\":null,\"regards\":\"<p>Department of Human Resources, National Foods Limited<br \\/>\\r\\nTel: 021.38402022 | URL: www.nfoods.com<\\/p>\"}', '<p>As shared in our earlier communications, the Sales Organization at incubator embared on a journey of significantly elevating its bar with the expectation of delivering top tier in-store execution, realigning its product portfolio as per market potential, optimizing our route to Market, maximizing our revenue management capabilities and most importantly building a high performance, KPI focused sales team.<br />\r\n&nbsp;<br />\r\nIn light of the same, weare pleased to announce that the revised Rural Development Structure now has a dedicated, cluster-based team for increased focus and sustainable competitive advantage. This structure will report into Rural Development Manager, Malik Ajmal Khan.<br />\r\n<br />\r\nThe following role changes have been put in place and will be effective from the 1st February 2019.<br />\r\n<br />\r\n-- Shakeel Maqsood&#39;s role has been enriched, enabling him to better utilize his competenc, skills and business acumen for decision making and greater results. With his vast experience of the territory, we are expecting his inclusion will drive tremendous value in our quest to win in Rural Development Business. He will now be re designated as Zonal Sales Manager - Rural Development North for the Rural Development Business in Gujranwala &amp; Rawalpindi Regions.<br />\r\n<br />\r\n-- The role of Syed Noshaad Ali, Zonal Sales Manager - Rural has been re-designated a Zonal Sales Manager ⁠&mdash; Rural Development Central for the Rural Development Business in Lahore &amp; Faislabad Regions. Over the course of time, Noshad has been a consistent high performer and acheived various milestones with his rich experience, knoowledge and skill sets.<br />\r\n<br />\r\nWe are confident that these organizational structure adjustments will fuel delivery of our sales objectives and will further strengthen our Rural Development Division, resulting in specific goals, objectives and a better framework for benchmarking in the insudtry.<br />\r\n<br />\r\nWe wish all of them the best of luck for setting in their new roles and hope that they will continue to out-perform themselves.</p>', 1, 0, '2019-08-08 10:15:33', '2019-08-08 10:15:33'),
(121, 10, '4081565259388.jpg', '{\"regards\":\"<p>Department of Human Resources, National Foods Limited<br \\/>\\r\\nTel: 021.38402022 | URL: www.nfoods.com<\\/p>\"}', '<p><br />\r\nAs shared in our earlier communications, the Sales Organization at incubator embared on a journey of significantly elevating its bar with the expectation of delivering top tier in-store execution, realigning its product portfolio as per market potential, optimizing our route to Market, maximizing our revenue management capabilities and most importantly building a high performance, KPI focused sales team.&nbsp;<br />\r\n<br />\r\nIn light of the same, weare pleased to announce that the revised Rural Development Structure now has a dedicated, cluster-based team for increased focus and sustainable competitive advantage. This structure will report into Rural Development Manager, Malik Ajmal Khan.<br />\r\n<br />\r\nThe following role changes have been put in place and will be effective from the 1st February 2019.<br />\r\n<br />\r\n-- Shakeel Maqsood&#39;s role has been enriched, enabling him to better utilize his competenc, skills and business acumen for decision making and greater results. With his vast experience of the territory, we are expecting his inclusion will drive tremendous value in our quest to win in Rural Development Business. He will now be re designated as Zonal Sales Manager - Rural Development North for the Rural Development Business in Gujranwala &amp; Rawalpindi Regions.<br />\r\n<br />\r\n-- The role of Syed Noshaad Ali, Zonal Sales Manager - Rural has been re-designated a Zonal Sales Manager ⁠&mdash; Rural Development Central for the Rural Development Business in Lahore &amp; Faislabad Regions. Over the course of time, Noshad has been a consistent high performer and acheived various milestones with his rich experience, knoowledge and skill sets.<br />\r\n<br />\r\nWe are confident that these organizational structure adjustments will fuel delivery of our sales objectives and will further strengthen our Rural Development Division, resulting in specific goals, objectives and a better framework for benchmarking in the insudtry.<br />\r\n<br />\r\nWe wish all of them the best of luck for setting in their new roles and hope that they will continue to out-perform themselves.</p>', 1, 0, '2019-08-08 10:16:28', '2019-08-08 10:16:28'),
(122, 1, '5331565335296.png', '{\"name\":\"mufu\",\"designation\":\"HR\",\"regards\":\"<p>Department of Human Resources, National Foods Limited<br \\/>\\r\\nTel: 021.38402022 | URL: www.nfoods.com<\\/p>\"}', '<p>Dear All,<br />\r\n<br />\r\nPlease join us in welcoming Hammad to National Foods Limited. Hammad has joined as Territory Sales Manager in the Sales Function and will be reporting into the Regional Key Account Manager South.<br />\r\n<br />\r\nHammad has over 6 months of Experience. He has worked as Business Developer at AT&amp;R Digital Marketing and then held the position of TSM at NFL on a contract basis since the last 3 months as part of his last assignment.<br />\r\n<br />\r\nHammad holds a Bachelor of Science in Computer Science From Institute of Business Administration, Karachi.&nbsp;<br />\r\n<br />\r\nHe can be reached at example@nfoods.com or at the the Karachi Region Office.<br />\r\n<br />\r\nWe wish him all the best for his role at National Foods.<br />\r\n<br />\r\nWelcome to the National Foods Family Hammad!</p>', 1, 0, '2019-08-09 07:21:36', '2019-08-09 07:21:36'),
(123, 10, NULL, '{\"regards\":\"<p><strong>Department of Human Resources, N<br \\/>\\r\\nTel: 021.38402022 | URL: www..com<\\/strong><\\/p>\"}', '<p><br />\r\nAs shared in our earlier communications, the Sales Organization at incubator embared on a journey of significantly elevating its bar with the expectation of delivering top tier in-store execution, realigning its product portfolio as per market potential, optimizing our route to Market, maximizing our revenue management capabilities and most importantly building a high performance, KPI focused sales team.<br />\r\n<br />\r\nIn light of the same, weare pleased to announce that the revised Rural Development Structure now has a dedicated, cluster-based team for increased focus and sustainable competitive advantage. This structure will report into Rural Development Manager, Malik Ajmal Khan.<br />\r\n<br />\r\nThe following role changes have been put in place and will be effective from the 1st February 2019.<br />\r\n<br />\r\n-- Shakeel Maqsood&#39;s role has been enriched, enabling him to better utilize his competenc, skills and business acumen for decision making and greater results. With his vast experience of the territory, we are expecting his inclusion will drive tremendous value in our quest to win in Rural Development Business. He will now be re designated as Zonal Sales Manager - Rural Development North for the Rural Development Business in Gujranwala &amp; Rawalpindi Regions.<br />\r\n<br />\r\n-- The role of Syed Noshaad Ali, Zonal Sales Manager - Rural has been re-designated a Zonal Sales Manager ⁠&mdash; Rural Development Central for the Rural Development Business in Lahore &amp; Faislabad Regions. Over the course of time, Noshad has been a consistent high performer and acheived various milestones with his rich experience, knoowledge and skill sets.<br />\r\n<br />\r\nWe are confident that these organizational structure adjustments will fuel delivery of our sales objectives and will further strengthen our Rural Development Division, resulting in specific goals, objectives and a better framework for benchmarking in the insudtry.<br />\r\n<br />\r\nWe wish all of them the best of luck for setting in their new roles and hope that they will continue to out-perform themselves.</p>', 1, 0, '2019-08-15 21:16:27', '2019-08-15 21:16:27'),
(124, 13, NULL, '{\"image\":null,\"regards\":\"<p>Department of Human Resources, N<br \\/>\\r\\nTel: 021.38402022 | URL: www..com<\\/p>\"}', '<p>As shared in our earlier communications, the Sales Organization at incubator embared on a journey of significantly elevating its bar with the expectation of delivering top tier in-store execution, realigning its product portfolio as per market potential, optimizing our route to Market, maximizing our revenue management capabilities and most importantly building a high performance, KPI focused sales team.<br />\r\n&nbsp;<br />\r\nIn light of the same, weare pleased to announce that the revised Rural Development Structure now has a dedicated, cluster-based team for increased focus and sustainable competitive advantage. This structure will report into Rural Development Manager, Malik Ajmal Khan.<br />\r\n<br />\r\nThe following role changes have been put in place and will be effective from the 1st February 2019.<br />\r\n<br />\r\n-- Shakeel Maqsood&#39;s role has been enriched, enabling him to better utilize his competenc, skills and business acumen for decision making and greater results. With his vast experience of the territory, we are expecting his inclusion will drive tremendous value in our quest to win in Rural Development Business. He will now be re designated as Zonal Sales Manager - Rural Development North for the Rural Development Business in Gujranwala &amp; Rawalpindi Regions.<br />\r\n<br />\r\n-- The role of Syed Noshaad Ali, Zonal Sales Manager - Rural has been re-designated a Zonal Sales Manager ⁠&mdash; Rural Development Central for the Rural Development Business in Lahore &amp; Faislabad Regions. Over the course of time, Noshad has been a consistent high performer and acheived various milestones with his rich experience, knoowledge and skill sets.<br />\r\n<br />\r\nWe are confident that these organizational structure adjustments will fuel delivery of our sales objectives and will further strengthen our Rural Development Division, resulting in specific goals, objectives and a better framework for benchmarking in the insudtry.<br />\r\n<br />\r\nWe wish all of them the best of luck for setting in their new roles and hope that they will continue to out-perform themselves.</p>', 1, 0, '2019-09-05 07:13:58', '2019-09-05 07:13:58'),
(125, 13, NULL, '{\"image\":null,\"regards\":\"<p>Department of Human Resources, N<br \\/>\\r\\nTel: 021.38402022 | URL: www..com<\\/p>\"}', '<p>As shared in our earlier communications, the Sales Organization at incubator embared on a journey of significantly elevating its bar with the expectation of delivering top tier in-store execution, realigning its product portfolio as per market potential, optimizing our route to Market, maximizing our revenue management capabilities and most importantly building a high performance, KPI focused sales team.&nbsp;<br />\r\n<br />\r\nIn light of the same, weare pleased to announce that the revised Rural Development Structure now has a dedicated, cluster-based team for increased focus and sustainable competitive advantage. This structure will report into Rural Development Manager, Malik Ajmal Khan.<br />\r\n<br />\r\nThe following role changes have been put in place and will be effective from the 1st February 2019.<br />\r\n<br />\r\n-- Shakeel Maqsood&#39;s role has been enriched, enabling him to better utilize his competenc, skills and business acumen for decision making and greater results. With his vast experience of the territory, we are expecting his inclusion will drive tremendous value in our quest to win in Rural Development Business. He will now be re designated as Zonal Sales Manager - Rural Development North for the Rural Development Business in Gujranwala &amp; Rawalpindi Regions.<br />\r\n<br />\r\n-- The role of Syed Noshaad Ali, Zonal Sales Manager - Rural has been re-designated a Zonal Sales Manager ⁠&mdash; Rural Development Central for the Rural Development Business in Lahore &amp; Faislabad Regions. Over the course of time, Noshad has been a consistent high performer and acheived various milestones with his rich experience, knoowledge and skill sets.<br />\r\n<br />\r\nWe are confident that these organizational structure adjustments will fuel delivery of our sales objectives and will further strengthen our Rural Development Division, resulting in specific goals, objectives and a better framework for benchmarking in the insudtry.<br />\r\n<br />\r\nWe wish all of them the best of luck for setting in their new roles and hope that they will continue to out-perform themselves.</p>', 1, 0, '2019-09-05 07:19:55', '2019-09-05 07:19:55'),
(126, 7, NULL, '{\"regards\":\"<p>Department of Human Resources, N<br \\/>\\r\\nTel: 021.38402022 | URL: www..com<\\/p>\"}', '<p><br />\r\nN believes in community development. The company has always stood at par with the society , adding value to it. In the past till this day we have actively taken part in various community building activities; from empowering women to adopting school, giving females quality education to providing nutrition through meals.&nbsp;<br />\r\n<br />\r\n-- Shakeel Maqsood&#39;s role has been enriched, enabling him to better utilize his competence, skills and business acumen for decision making and greater results. With his vast experience of the territory, we are expecting his inclusion will drive tremendous value in our quest to win in Rural Development Business. He will now be re designated as Zonal Sales Manager - Rural Development North for the Rural Development Business in Gujranwala &amp; Rawalpindi Regions.<br />\r\n<br />\r\n-- The role of Syed Noshaad Ali, Zonal Sales Manager - Rural has been re-designated a Zonal Sales Manager ⁠&mdash; Rural Development Central for the Rural Development Business in Lahore &amp; Faislabad Regions. Over the course of time, Noshad has been a consistent high performer and acheived various milestones with his rich experience, knoowledge and skill sets.<br />\r\n<br />\r\nWe are confident that these organizational structure adjustments will fuel delivery of our sales objectives and will further strengthen our Rural Development Division, resulting in specific goals, objectives and a better framework for benchmarking in the insudtry.<br />\r\n<br />\r\nWe wish all of them the best of luck for setting in their new roles and hope that they will continue to out-perform themselves.</p>', 1, 0, '2019-09-05 07:25:13', '2019-09-05 07:25:13'),
(127, 7, NULL, '{\"regards\":\"<p>Department of Human Resources, N<br \\/>\\r\\nTel: 021.38402022 | URL: www..com<\\/p>\"}', '<p><br />\r\nN believes in community development. The company has always stood at par with the society , adding value to it. In the past till this day we have actively taken part in various community building activities; from empowering women to adopting sc hool, giving females quality education to providing nutrition through meals.<br />\r\n<br />\r\n-- Shakeel Maqsood&#39;s role has been enriched, enabling him to better utilize his competence, skills and business acumen for decision making and greater results. With his vast experience of the territory, we are expecting his inclusion will drive tremendous value in our quest to win in Rural Development Business. He will now be re designated as Zonal Sales Manager - Rural Development North for the Rural Development Business in Gujranwala &amp; Rawalpindi Regions.<br />\r\n<br />\r\n-- The role of Syed Noshaad Ali, Zonal Sales Manager - Rural has been re-designated a Zonal Sales Manager ⁠&mdash; Rural Development Central for the Rural Development Business in Lahore &amp; Faislabad Regions. Over the course of time, Noshad has been a consistent high performer and acheived various milestones with his rich experience, knoowledge and skill sets.<br />\r\n<br />\r\nWe are confident that these organizational structure adjustments will fuel delivery of our sales objectives and will further strengthen our Rural Development Division, resulting in specific goals, objectives and a better framework for benchmarking in the insudtry.<br />\r\n<br />\r\nWe wish all of them the best of luck for setting in their new roles and hope that they will continue to out-perform themselves.</p>', 1, 0, '2019-09-05 08:08:27', '2019-09-05 08:08:27'),
(128, 7, NULL, '{\"regards\":\"<p>Department of Human Resources, N<br \\/>\\r\\nTel: 021.38402022 | URL: www..com<\\/p>\"}', '<p><br />\r\nN believes in community development. The company has always stood at par with the society , adding value to it. In the past till this day we have actively taken part in various community building activities; from empowering women to adopting school, giving females quality education to providing nutrition through meals.<br />\r\n&nbsp;<br />\r\n-- Shakeel Maqsood&#39;s role has been enriched, enabling him to better utilize his competence, skills and business acumen for decision making and greater results. With his vast experience of the territory, we are expecting his inclusion will drive tremendous value in our quest to win in Rural Development Business. He will now be re designated as Zonal Sales Manager - Rural Development North for the Rural Development Business in Gujranwala &amp; Rawalpindi Regions.<br />\r\n<br />\r\n-- The role of Syed Noshaad Ali, Zonal Sales Manager - Rural has been re-designated a Zonal Sales Manager ⁠&mdash; Rural Development Central for the Rural Development Business in Lahore &amp; Faislabad Regions. Over the course of time, Noshad has been a consistent high performer and acheived various milestones with his rich experience, knoowledge and skill sets.<br />\r\n<br />\r\nWe are confident that these organizational structure adjustments will fuel delivery of our sales objectives and will further strengthen our Rural Development Division, resulting in specific goals, objectives and a better framework for benchmarking in the insudtry.<br />\r\n<br />\r\nWe wish all of them the best of luck for setting in their new roles and hope that they will continue to out-perform themselves.</p>', 1, 0, '2019-09-05 08:09:40', '2019-09-05 08:09:40'),
(129, 7, NULL, '{\"regards\":\"<p>Department of Human Resources, N<br \\/>\\r\\nTel: 021.38402022 | URL: www..com<\\/p>\"}', '<p><br />\r\nN believes in community development. The company has always stood at par with the society , adding value to it. In the past till this day we have actively taken part in various community building activities; from empowering women to adopting school, giving females quality education to providing nutrition through meals .<br />\r\n<br />\r\n-- Shakeel Maqsood&#39;s role has been enriched, enabling him to better utilize his competence, skills and business acumen for decision making and greater results. With his vast experience of the territory, we are expecting his inclusion will drive tremendous value in our quest to win in Rural Development Business. He will now be re designated as Zonal Sales Manager - Rural Development North for the Rural Development Business in Gujranwala &amp; Rawalpindi Regions.<br />\r\n<br />\r\n-- The role of Syed Noshaad Ali, Zonal Sales Manager - Rural has been re-designated a Zonal Sales Manager ⁠&mdash; Rural Development Central for the Rural Development Business in Lahore &amp; Faislabad Regions. Over the course of time, Noshad has been a consistent high performer and acheived various milestones with his rich experience, knoowledge and skill sets.<br />\r\n<br />\r\nWe are confident that these organizational structure adjustments will fuel delivery of our sales objectives and will further strengthen our Rural Development Division, resulting in specific goals, objectives and a better framework for benchmarking in the insudtry.<br />\r\n<br />\r\nWe wish all of them the best of luck for setting in their new roles and hope that they will continue to out-perform themselves.</p>', 1, 0, '2019-09-05 08:13:06', '2019-09-05 08:13:06'),
(130, 7, NULL, '{\"regards\":\"<p>Department of Human Resources, N<br \\/>\\r\\nTel: 021.38402022 | URL: www..com<\\/p>\"}', '<p><br />\r\nN believes in community development. The company has always stood at par with the society , adding value to it. In the past till this day we have actively taken part in various community building activities; from empowering women to adopting school, giving females quality education to providing nutrition through meals.<br />\r\n<br />\r\n-- Shakeel Maqsood&#39;s role has been enriched, enabling him to better utilize his competence, skills and business acumen for decision making and greater results. With his vast experience of the territory, we are expecting his inclusion will drive tremendous value in our quest to win in Rural Development Business. He will now be re designated as Zonal Sales Manager - Rural Development North for the Rural Development Business in Gujranwala &amp; Rawalpindi Regions.<br />\r\n<br />\r\n-- The role of Syed Noshaad Ali, Zonal Sales Manager - Rural has been re-designated a Zonal Sales Manager ⁠&mdash; Rural Development Central for the Rural Development Business in Lahore &amp; Faislabad Regions. Over the course of time, Noshad has been a consistent high performer and acheived various milestones with his rich experience, knoowledge and skill sets.<br />\r\n<br />\r\nWe are confident that these organizational structure adjustments will fuel delivery of our sales objectives and will further strengthen our Rural Development Division, resulting in specific goals, objectives and a better framework for benchmarking in the insudtry.<br />\r\n<br />\r\nWe wish all of them the best of luck for setting in their new roles and hope that they will continue to out-perform themselves.</p>', 1, 0, '2019-09-05 08:14:02', '2019-09-05 08:14:02'),
(131, 7, NULL, '{\"regards\":\"<p>Department of Human Resources, N<br \\/>\\r\\nTel: 021.38402022 | URL: www..com<\\/p>\"}', '<p><br />\r\nN believes in community development. The company has always stood at par with the society , adding value to it. In the past till this day we have actively taken part in various community building activities; from empowering women to adopting school, giving females quality education to providing nutrition through meals.<br />\r\n&nbsp;<br />\r\n-- Shakeel Maqsood&#39;s role has been enriched, enabling him to better utilize his competence, skills and business acumen for decision making and greater results. With his vast experience of the territory, we are expecting his inclusion will drive tremendous value in our quest to win in Rural Development Business. He will now be re designated as Zonal Sales Manager - Rural Development North for the Rural Development Business in Gujranwala &amp; Rawalpindi Regions.<br />\r\n<br />\r\n-- The role of Syed Noshaad Ali, Zonal Sales Manager - Rural has been re-designated a Zonal Sales Manager ⁠&mdash; Rural Development Central for the Rural Development Business in Lahore &amp; Faislabad Regions. Over the course of time, Noshad has been a consistent high performer and acheived various milestones with his rich experience, knoowledge and skill sets.<br />\r\n<br />\r\nWe are confident that these organizational structure adjustments will fuel delivery of our sales objectives and will further strengthen our Rural Development Division, resulting in specific goals, objectives and a better framework for benchmarking in the insudtry.<br />\r\n<br />\r\nWe wish all of them the best of luck for setting in their new roles and hope that they will continue to out-perform themselves.</p>', 1, 0, '2019-09-05 08:15:21', '2019-09-05 08:15:21'),
(132, 7, NULL, '{\"regards\":\"<p>Department of Human Resources, N<br \\/>\\r\\nTel: 021.38402022 | URL: www..com<\\/p>\"}', '<p><br />\r\nN believes in community development. The company has always stood at par with the society , adding value to it. In the past till this day we have actively taken part in various community building activities; from empowering women to adopting school, giving females quality education to providing nutrition through meals.<br />\r\n&nbsp;<br />\r\n-- Shakeel Maqsood&#39;s role has been enriched, enabling him to better utilize his competence, skills and business acumen for decision making and greater results. With his vast experience of the territory, we are expecting his inclusion will drive tremendous value in our quest to win in Rural Development Business. He will now be re designated as Zonal Sales Manager - Rural Development North for the Rural Development Business in Gujranwala &amp; Rawalpindi Regions.<br />\r\n<br />\r\n-- The role of Syed Noshaad Ali, Zonal Sales Manager - Rural has been re-designated a Zonal Sales Manager ⁠&mdash; Rural Development Central for the Rural Development Business in Lahore &amp; Faislabad Regions. Over the course of time, Noshad has been a consistent high performer and acheived various milestones with his rich experience, knoowledge and skill sets.<br />\r\n<br />\r\nWe are confident that these organizational structure adjustments will fuel delivery of our sales objectives and will further strengthen our Rural Development Division, resulting in specific goals, objectives and a better framework for benchmarking in the insudtry.<br />\r\n<br />\r\nWe wish all of them the best of luck for setting in their new roles and hope that they will continue to out-perform themselves.</p>', 1, 0, '2019-09-05 08:24:15', '2019-09-05 08:24:15'),
(133, 13, NULL, '{\"image\":null,\"regards\":\"<p>Department of Human Resources, N<br \\/>\\r\\nTel: 021.38402022 | URL: www..com<\\/p>\"}', '<p>As shared in our earlier communications, the Sales Organization at incubator embared on a journey of significantly elevating its bar with the expectation of delivering top tier in-store execution, realigning its product portfolio as per market potential, optimizing our route to Market, maximizing our revenue management capabilities and most importantly building a high performance, KPI focused sales team.<br />\r\n&nbsp;<br />\r\nIn light of the same, weare pleased to announce that the revised Rural Development Structure now has a dedicated, cluster-based team for increased focus and sustainable competitive advantage. This structure will report into Rural Development Manager, Malik Ajmal Khan.<br />\r\n<br />\r\nThe following role changes have been put in place and will be effective from the 1st February 2019.<br />\r\n<br />\r\n-- Shakeel Maqsood&#39;s role has been enriched, enabling him to better utilize his competenc, skills and business acumen for decision making and greater results. With his vast experience of the territory, we are expecting his inclusion will drive tremendous value in our quest to win in Rural Development Business. He will now be re designated as Zonal Sales Manager - Rural Development North for the Rural Development Business in Gujranwala &amp; Rawalpindi Regions.<br />\r\n<br />\r\n-- The role of Syed Noshaad Ali, Zonal Sales Manager - Rural has been re-designated a Zonal Sales Manager ⁠&mdash; Rural Development Central for the Rural Development Business in Lahore &amp; Faislabad Regions. Over the course of time, Noshad has been a consistent high performer and acheived various milestones with his rich experience, knoowledge and skill sets.<br />\r\n<br />\r\nWe are confident that these organizational structure adjustments will fuel delivery of our sales objectives and will further strengthen our Rural Development Division, resulting in specific goals, objectives and a better framework for benchmarking in the insudtry.<br />\r\n<br />\r\nWe wish all of them the best of luck for setting in their new roles and hope that they will continue to out-perform themselves.</p>', 1, 0, '2019-09-05 09:38:25', '2019-09-05 09:38:25');

-- --------------------------------------------------------

--
-- Table structure for table `urls`
--

CREATE TABLE `urls` (
  `id` int(10) UNSIGNED NOT NULL,
  `type` varchar(255) COLLATE utf8_unicode_ci DEFAULT NULL,
  `type_id` int(11) DEFAULT NULL,
  `key` varchar(255) COLLATE utf8_unicode_ci DEFAULT NULL,
  `status` int(11) NOT NULL DEFAULT '1',
  `deleted` int(11) NOT NULL DEFAULT '0',
  `created_at` timestamp NOT NULL DEFAULT CURRENT_TIMESTAMP,
  `updated_at` timestamp NOT NULL DEFAULT CURRENT_TIMESTAMP ON UPDATE CURRENT_TIMESTAMP
) ENGINE=InnoDB DEFAULT CHARSET=utf8 COLLATE=utf8_unicode_ci;

-- --------------------------------------------------------

--
-- Table structure for table `users`
--

CREATE TABLE `users` (
  `id` int(10) UNSIGNED NOT NULL,
  `firstName` varchar(255) COLLATE utf8_unicode_ci DEFAULT NULL,
  `lastName` varchar(255) COLLATE utf8_unicode_ci DEFAULT NULL,
  `email` varchar(255) COLLATE utf8_unicode_ci NOT NULL,
  `role_id` int(11) DEFAULT NULL,
  `password` varchar(255) COLLATE utf8_unicode_ci NOT NULL,
  `remember_token` varchar(100) COLLATE utf8_unicode_ci DEFAULT NULL,
  `image` varchar(255) COLLATE utf8_unicode_ci DEFAULT NULL,
  `dob` date DEFAULT NULL,
  `isConfirmed` tinyint(4) NOT NULL DEFAULT '0',
  `key` varchar(255) COLLATE utf8_unicode_ci DEFAULT NULL,
  `status` int(11) NOT NULL DEFAULT '1',
  `deleted` int(11) NOT NULL DEFAULT '0',
  `created_at` timestamp NOT NULL DEFAULT CURRENT_TIMESTAMP,
  `updated_at` timestamp NOT NULL DEFAULT CURRENT_TIMESTAMP ON UPDATE CURRENT_TIMESTAMP,
  `userType` tinyint(4) NOT NULL DEFAULT '1' COMMENT '1: Admin; 2: Editor; 3: Moderator',
  `designation` varchar(255) COLLATE utf8_unicode_ci NOT NULL
) ENGINE=InnoDB DEFAULT CHARSET=utf8 COLLATE=utf8_unicode_ci;

--
-- Dumping data for table `users`
--

INSERT INTO `users` (`id`, `firstName`, `lastName`, `email`, `role_id`, `password`, `remember_token`, `image`, `dob`, `isConfirmed`, `key`, `status`, `deleted`, `created_at`, `updated_at`, `userType`, `designation`) VALUES
(8, 'Admin', 'User', 'admin.user@yopmail.com', 1, '$2y$10$JrCBbfyZdkXC/eFE7zgQ.eew1f6mEllW4K94y05kij1zcSJDoKKKC', 'qpK1CAwEZKakjx2UVkhdneZM3UgH6ikiWLxgf4ce3sZEDfcjMjGn7p37VCLv', NULL, NULL, 1, '6D3ajZcyz4bzUNiutncgmDItJHLf5f', 1, 0, '2019-07-14 21:09:04', '2020-03-02 19:08:53', 1, 'Admin'),
(9, 'HR', 'User', 'hr.user@yopmail.com', 3, '$2y$10$X6W2Y7b79xcWjXuPKNR9BOpK6onzJ7p66ZNHnDI1Af.DRO1UFXcEi', '4A4cVKAlFPlwEediunCmPEXptiKhxYDPKoUoRswrHJdI8lIFboK2XyrRGFWH', NULL, NULL, 1, 'udV3P6mwDOZ0uVMrTkuvVIPZcNtKPy', 1, 0, '2019-07-14 21:19:14', '2019-08-08 20:59:55', 1, 'HR'),
(10, 'Marketing', 'User', 'marketing.user@yopmail.com', 4, '$2y$10$EaTQTExGg8.E0q95gsD0NeExcq9z4LJOnUpj82OWuEKr9MftnNPXe', 'pRQ8dsGPBrGTSs8QxgnfijtsIoSfT4JRGW2Yn8HF1Gn1XvAPd0OXqTB5EtYw', NULL, NULL, 1, 'OXPy2ncAru5YnTMVDhTQcvqbfPaMXv', 1, 0, '2019-07-14 21:36:06', '2019-07-22 21:16:40', 1, 'Marketeir'),
(11, 'End', 'User', 'end.user@yopmail.com', 2, '$2y$10$Cuhq19bDkF7tw/L2zwMBhe5eRJedPGnaCc66UaT7qA6WFl6csN24W', 'uGJvctyhkwna2UMILBkVxUc9qYuyJhgpRzPMZ3xhQjpmuUH02cB3tSCNOWgW', NULL, NULL, 1, 'VNhBL27IWEMXh22YL1RPsHjHlllCqk', 1, 0, '2019-07-14 21:39:24', '2019-10-06 16:14:10', 1, 'End User'),
(12, 'jj', 'kjkkj', 'j_2great@hotmail.com', 3, '$2y$10$OgIOiR1Mwlyu6UM15kJhiuoEY7rEOKvo0kjcXfQ/EzCL4EDSjtGSK', 'f61334QBRKRld9tHhpnx4MT5jY3toL4UEnYoZCqNrIiWqOq8e4bgznHu1YW2', NULL, NULL, 1, 'EKM5GwU0ZDzwCqAkw2PNh3d4bQKsaD', 1, 0, '2019-10-06 14:38:20', '2019-10-06 15:42:01', 1, 'hr-id');

-- --------------------------------------------------------

--
-- Table structure for table `user_modules`
--

CREATE TABLE `user_modules` (
  `id` int(10) UNSIGNED NOT NULL,
  `user_id` int(11) DEFAULT NULL,
  `module_id` int(11) DEFAULT NULL,
  `userOperations` tinyint(4) NOT NULL DEFAULT '1' COMMENT '1: Admin; 2: Editor; 3: Moderator',
  `created_at` timestamp NOT NULL DEFAULT CURRENT_TIMESTAMP,
  `updated_at` timestamp NOT NULL DEFAULT CURRENT_TIMESTAMP ON UPDATE CURRENT_TIMESTAMP
) ENGINE=InnoDB DEFAULT CHARSET=utf8 COLLATE=utf8_unicode_ci;

-- --------------------------------------------------------

--
-- Table structure for table `user_templates`
--

CREATE TABLE `user_templates` (
  `id` int(10) UNSIGNED NOT NULL,
  `user_id` int(11) DEFAULT NULL,
  `template_id` int(11) DEFAULT NULL,
  `created_at` timestamp NOT NULL DEFAULT CURRENT_TIMESTAMP,
  `updated_at` timestamp NOT NULL DEFAULT CURRENT_TIMESTAMP ON UPDATE CURRENT_TIMESTAMP
) ENGINE=InnoDB DEFAULT CHARSET=utf8mb4 COLLATE=utf8mb4_unicode_ci;

--
-- Dumping data for table `user_templates`
--

INSERT INTO `user_templates` (`id`, `user_id`, `template_id`, `created_at`, `updated_at`) VALUES
(1, 4, 6, '2019-07-14 21:38:12', '2019-07-14 21:38:12'),
(6, 12, 7, '2019-10-06 14:48:56', '2019-10-06 14:48:56'),
(7, 12, 4, '2019-10-06 14:48:56', '2019-10-06 14:48:56');

--
-- Indexes for dumped tables
--

--
-- Indexes for table `back_logs`
--
ALTER TABLE `back_logs`
  ADD PRIMARY KEY (`id`),
  ADD KEY `back_logs_user_id_index` (`user_id`),
  ADD KEY `back_logs_status_index` (`status`),
  ADD KEY `back_logs_deleted_index` (`deleted`);

--
-- Indexes for table `emails`
--
ALTER TABLE `emails`
  ADD PRIMARY KEY (`id`),
  ADD KEY `emails_email_index` (`email`),
  ADD KEY `emails_user_id_index` (`user_id`),
  ADD KEY `emails_status_index` (`status`),
  ADD KEY `emails_deleted_index` (`deleted`);

--
-- Indexes for table `email_configurations`
--
ALTER TABLE `email_configurations`
  ADD PRIMARY KEY (`id`),
  ADD KEY `username` (`username`);

--
-- Indexes for table `email_templates`
--
ALTER TABLE `email_templates`
  ADD PRIMARY KEY (`id`),
  ADD KEY `email_templates_email_id_index` (`email_id`),
  ADD KEY `email_templates_template_id_index` (`template_id`),
  ADD KEY `email_templates_status_index` (`status`),
  ADD KEY `email_templates_deleted_index` (`deleted`);

--
-- Indexes for table `migrations`
--
ALTER TABLE `migrations`
  ADD PRIMARY KEY (`id`);

--
-- Indexes for table `modules`
--
ALTER TABLE `modules`
  ADD PRIMARY KEY (`id`),
  ADD UNIQUE KEY `modules_title_unique` (`title`),
  ADD KEY `modules_parent_id_index` (`parent_id`),
  ADD KEY `modules_status_index` (`status`),
  ADD KEY `modules_deleted_index` (`deleted`);

--
-- Indexes for table `notifications`
--
ALTER TABLE `notifications`
  ADD PRIMARY KEY (`id`),
  ADD KEY `notifications_type_index` (`type`),
  ADD KEY `notifications_type_id_index` (`type_id`),
  ADD KEY `notifications_user_id_index` (`user_id`),
  ADD KEY `notifications_status_index` (`status`),
  ADD KEY `notifications_deleted_index` (`deleted`);

--
-- Indexes for table `notification_details`
--
ALTER TABLE `notification_details`
  ADD PRIMARY KEY (`id`),
  ADD KEY `notification_details_notification_id_index` (`notification_id`),
  ADD KEY `notification_details_notify_to_index` (`notify_to`),
  ADD KEY `notification_details_seen_index` (`seen`);

--
-- Indexes for table `password_resets`
--
ALTER TABLE `password_resets`
  ADD KEY `password_resets_email_index` (`email`);

--
-- Indexes for table `roles`
--
ALTER TABLE `roles`
  ADD PRIMARY KEY (`id`);

--
-- Indexes for table `templates`
--
ALTER TABLE `templates`
  ADD PRIMARY KEY (`id`),
  ADD KEY `templates_title_index` (`title`),
  ADD KEY `templates_code_index` (`code`),
  ADD KEY `templates_key_index` (`key`),
  ADD KEY `templates_status_index` (`status`),
  ADD KEY `templates_deleted_index` (`deleted`);

--
-- Indexes for table `templates_details`
--
ALTER TABLE `templates_details`
  ADD PRIMARY KEY (`id`),
  ADD KEY `templates_details_template_id_index` (`template_id`),
  ADD KEY `templates_details_status_index` (`status`),
  ADD KEY `templates_details_deleted_index` (`deleted`);

--
-- Indexes for table `urls`
--
ALTER TABLE `urls`
  ADD PRIMARY KEY (`id`),
  ADD KEY `urls_type_index` (`type`),
  ADD KEY `urls_type_id_index` (`type_id`),
  ADD KEY `urls_key_index` (`key`),
  ADD KEY `urls_status_index` (`status`),
  ADD KEY `urls_deleted_index` (`deleted`);

--
-- Indexes for table `users`
--
ALTER TABLE `users`
  ADD PRIMARY KEY (`id`),
  ADD UNIQUE KEY `users_email_unique` (`email`),
  ADD UNIQUE KEY `users_key_unique` (`key`),
  ADD KEY `users_role_id_index` (`role_id`),
  ADD KEY `users_isconfirmed_index` (`isConfirmed`),
  ADD KEY `users_status_index` (`status`),
  ADD KEY `users_deleted_index` (`deleted`),
  ADD KEY `users_usertype_index` (`userType`),
  ADD KEY `users_designation_index` (`designation`);

--
-- Indexes for table `user_modules`
--
ALTER TABLE `user_modules`
  ADD PRIMARY KEY (`id`),
  ADD KEY `user_modules_user_id_index` (`user_id`),
  ADD KEY `user_modules_module_id_index` (`module_id`),
  ADD KEY `user_modules_useroperations_index` (`userOperations`);

--
-- Indexes for table `user_templates`
--
ALTER TABLE `user_templates`
  ADD PRIMARY KEY (`id`),
  ADD KEY `user_templates_role_id_index` (`user_id`),
  ADD KEY `user_templates_template_id_index` (`template_id`);

--
-- AUTO_INCREMENT for dumped tables
--

--
-- AUTO_INCREMENT for table `back_logs`
--
ALTER TABLE `back_logs`
  MODIFY `id` int(10) UNSIGNED NOT NULL AUTO_INCREMENT;

--
-- AUTO_INCREMENT for table `emails`
--
ALTER TABLE `emails`
  MODIFY `id` int(10) UNSIGNED NOT NULL AUTO_INCREMENT, AUTO_INCREMENT=4;

--
-- AUTO_INCREMENT for table `email_configurations`
--
ALTER TABLE `email_configurations`
  MODIFY `id` int(11) NOT NULL AUTO_INCREMENT, AUTO_INCREMENT=3;

--
-- AUTO_INCREMENT for table `email_templates`
--
ALTER TABLE `email_templates`
  MODIFY `id` int(10) UNSIGNED NOT NULL AUTO_INCREMENT, AUTO_INCREMENT=2;

--
-- AUTO_INCREMENT for table `migrations`
--
ALTER TABLE `migrations`
  MODIFY `id` int(10) UNSIGNED NOT NULL AUTO_INCREMENT, AUTO_INCREMENT=37;

--
-- AUTO_INCREMENT for table `modules`
--
ALTER TABLE `modules`
  MODIFY `id` int(10) UNSIGNED NOT NULL AUTO_INCREMENT;

--
-- AUTO_INCREMENT for table `notifications`
--
ALTER TABLE `notifications`
  MODIFY `id` int(10) UNSIGNED NOT NULL AUTO_INCREMENT, AUTO_INCREMENT=20;

--
-- AUTO_INCREMENT for table `notification_details`
--
ALTER TABLE `notification_details`
  MODIFY `id` int(10) UNSIGNED NOT NULL AUTO_INCREMENT, AUTO_INCREMENT=104;

--
-- AUTO_INCREMENT for table `roles`
--
ALTER TABLE `roles`
  MODIFY `id` int(10) UNSIGNED NOT NULL AUTO_INCREMENT, AUTO_INCREMENT=5;

--
-- AUTO_INCREMENT for table `templates`
--
ALTER TABLE `templates`
  MODIFY `id` int(10) UNSIGNED NOT NULL AUTO_INCREMENT, AUTO_INCREMENT=20;

--
-- AUTO_INCREMENT for table `templates_details`
--
ALTER TABLE `templates_details`
  MODIFY `id` int(10) UNSIGNED NOT NULL AUTO_INCREMENT, AUTO_INCREMENT=134;

--
-- AUTO_INCREMENT for table `urls`
--
ALTER TABLE `urls`
  MODIFY `id` int(10) UNSIGNED NOT NULL AUTO_INCREMENT;

--
-- AUTO_INCREMENT for table `users`
--
ALTER TABLE `users`
  MODIFY `id` int(10) UNSIGNED NOT NULL AUTO_INCREMENT, AUTO_INCREMENT=13;

--
-- AUTO_INCREMENT for table `user_modules`
--
ALTER TABLE `user_modules`
  MODIFY `id` int(10) UNSIGNED NOT NULL AUTO_INCREMENT;

--
-- AUTO_INCREMENT for table `user_templates`
--
ALTER TABLE `user_templates`
  MODIFY `id` int(10) UNSIGNED NOT NULL AUTO_INCREMENT, AUTO_INCREMENT=8;
COMMIT;

/*!40101 SET CHARACTER_SET_CLIENT=@OLD_CHARACTER_SET_CLIENT */;
/*!40101 SET CHARACTER_SET_RESULTS=@OLD_CHARACTER_SET_RESULTS */;
/*!40101 SET COLLATION_CONNECTION=@OLD_COLLATION_CONNECTION */;
